CustomerId,Surname,CreditScore,Geography,Gender,Age,Tenure,Balance,NumOfProducts,HasCrCard,IsActiveMember,EstimatedSalary,Exited,EngagementProfile,BalanceQuartile,BalanceSalaryRatio,RatioGroup
15619304,Onio,502,France,Female,42,8,159660.8,3,1,0,113931.57,1,Inactive High-Balance,Q4 (Highest),1.4013745268322026,Middle (5th-95th pct)
15737452,Romeo,653,Germany,Male,58,1,132602.88,1,1,0,5097.67,1,Inactive Disengaged,Q4 (Highest),26.01244882465911,Top 5% (extreme high)
15794171,Lombardo,475,France,Female,45,0,134264.04,1,1,0,27822.99,1,Inactive Disengaged,Q4 (Highest),4.825651017378075,Middle (5th-95th pct)
15755196,Lavine,834,France,Female,49,2,131394.56,1,0,0,194365.76,1,Inactive Disengaged,Q4 (Highest),0.6760170104034784,Middle (5th-95th pct)
15768193,Trevisani,585,Germany,Male,36,5,146050.97,2,0,0,86424.57,0,Inactive High-Balance,Q4 (Highest),1.6899241731836212,Middle (5th-95th pct)
15630053,Tsao,656,France,Male,45,5,127864.4,1,1,0,87107.57,0,Inactive Disengaged,Q4 (Highest),1.4678907929586371,Middle (5th-95th pct)
15651280,Hunter,742,Germany,Male,35,5,136857.0,1,0,0,84509.57,0,Inactive Disengaged,Q4 (Highest),1.619426060267494,Middle (5th-95th pct)
15773469,Clark,687,Germany,Female,27,9,152328.88,2,0,0,126494.82,0,Inactive High-Balance,Q4 (Highest),1.2042301811252034,Middle (5th-95th pct)
15703793,Konovalova,738,Germany,Male,58,2,133745.44,4,1,0,28373.86,1,Inactive High-Balance,Q4 (Highest),4.713685060827113,Middle (5th-95th pct)
15780961,Cavenagh,735,France,Female,21,1,178718.19,2,1,0,22388.0,0,Inactive High-Balance,Q4 (Highest),7.982767107378953,Top 5% (extreme high)
15602312,Walkom,605,Spain,Male,33,5,150092.8,1,0,0,71862.79,0,Inactive Disengaged,Q4 (Highest),2.0886024603275213,Middle (5th-95th pct)
15705512,Welch,668,Germany,Female,37,6,167864.4,1,1,0,115638.29,0,Inactive Disengaged,Q4 (Highest),1.4516333646926118,Middle (5th-95th pct)
15600781,Wu,699,Germany,Male,34,4,185173.81,2,1,0,120834.48,0,Inactive High-Balance,Q4 (Highest),1.5324583678433508,Middle (5th-95th pct)
15682472,Culbreth,828,France,Male,34,8,129433.34,2,0,0,38131.77,0,Inactive High-Balance,Q4 (Highest),3.394370101361673,Middle (5th-95th pct)
15627360,Fuller,432,France,Male,42,9,152603.45,1,1,0,110265.24,1,Inactive Disengaged,Q4 (Highest),1.3839669691010512,Middle (5th-95th pct)
15782688,Piccio,625,Germany,Male,56,0,148507.24,1,1,0,46824.08,1,Inactive Disengaged,Q4 (Highest),3.17159974098797,Middle (5th-95th pct)
15594408,Chia,584,Spain,Female,48,2,213146.2,1,1,0,75161.25,1,Inactive Disengaged,Q4 (Highest),2.835852250993697,Middle (5th-95th pct)
15698932,Groves,756,Germany,Male,44,10,137452.09,1,1,0,189543.9,0,Inactive Disengaged,Q4 (Highest),0.7251728491394341,Middle (5th-95th pct)
15705707,Bennelong,635,Spain,Female,29,8,138296.94,2,1,0,141075.51,0,Inactive High-Balance,Q4 (Highest),0.9803043774217084,Middle (5th-95th pct)
15658929,Taverner,683,Spain,Male,29,0,133702.89,1,1,0,55582.54,1,Inactive Disengaged,Q4 (Highest),2.405483628491969,Middle (5th-95th pct)
15587562,Hawkins,484,France,Female,29,4,130114.39,1,1,0,164017.89,0,Inactive Disengaged,Q4 (Highest),0.7932938900750399,Middle (5th-95th pct)
15651022,Yost,480,Germany,Male,44,10,129608.57,1,1,0,5472.7,1,Inactive Disengaged,Q4 (Highest),23.68274709010178,Top 5% (extreme high)
15586310,Ting,578,France,Male,30,4,169462.09,1,1,0,112187.11,0,Inactive Disengaged,Q4 (Highest),1.5105308444080607,Middle (5th-95th pct)
15790355,Okechukwu,606,Germany,Male,36,5,190479.48,2,0,0,179351.89,0,Inactive High-Balance,Q4 (Highest),1.0620433383779786,Middle (5th-95th pct)
15625426,Ashbolt,754,Germany,Female,55,3,161608.81,1,1,0,8080.85,1,Inactive Disengaged,Q4 (Highest),19.998986492757567,Top 5% (extreme high)
15621075,Ogbonnaya,778,Germany,Female,45,1,162150.42,2,1,0,174531.27,0,Inactive High-Balance,Q4 (Highest),0.929062282077017,Middle (5th-95th pct)
15627801,Ginikanwa,512,Spain,Male,33,3,176666.62,1,1,0,94670.77,0,Inactive Disengaged,Q4 (Highest),1.8661158032199379,Middle (5th-95th pct)
15752047,Trevisano,689,Germany,Male,33,2,161814.64,2,1,0,169381.9,0,Inactive High-Balance,Q4 (Highest),0.9553242701847129,Middle (5th-95th pct)
15699029,Bagley,670,France,Male,37,4,170557.91,2,1,0,198252.88,0,Inactive High-Balance,Q4 (Highest),0.8603048288630157,Middle (5th-95th pct)
15605461,Lucas,594,Germany,Female,29,3,130830.22,1,1,0,61048.53,0,Inactive Disengaged,Q4 (Highest),2.1430527483626554,Middle (5th-95th pct)
15685500,Glazkov,772,Germany,Male,26,7,152400.51,2,1,0,79414.0,0,Inactive High-Balance,Q4 (Highest),1.9190635152492006,Middle (5th-95th pct)
15686776,Rossi,557,France,Female,32,6,184686.41,2,1,0,14956.44,0,Inactive High-Balance,Q4 (Highest),12.348286758078794,Top 5% (extreme high)
15723654,Tsao,773,France,Male,25,2,135903.33,1,1,0,73656.38,0,Inactive Disengaged,Q4 (Highest),1.8450992296933406,Middle (5th-95th pct)
15682541,Hartley,616,Spain,Female,36,6,132311.71,1,0,0,15462.84,0,Inactive Disengaged,Q4 (Highest),8.55675348124924,Top 5% (extreme high)
15660211,Shih,629,Germany,Male,35,7,156847.29,2,1,0,31824.29,0,Inactive High-Balance,Q4 (Highest),4.928540118255584,Middle (5th-95th pct)
15773972,Balashov,614,France,Male,50,4,137104.47,1,1,0,127166.49,1,Inactive Disengaged,Q4 (Highest),1.0781493615181168,Middle (5th-95th pct)
15797960,Skinner,806,Germany,Female,59,0,135296.33,1,1,0,182822.5,0,Inactive Disengaged,Q4 (Highest),0.7400420079585389,Middle (5th-95th pct)
15662736,Doyle,559,France,Male,49,2,147069.78,1,1,0,120540.83,1,Inactive Disengaged,Q4 (Highest),1.2200826889942602,Middle (5th-95th pct)
15694408,Lung,749,France,Male,40,1,139290.41,1,1,0,182855.42,1,Inactive Disengaged,Q4 (Highest),0.7617516068159205,Middle (5th-95th pct)
15736601,Tai,716,France,Male,35,4,144428.87,1,1,0,134132.65,0,Inactive Disengaged,Q4 (Highest),1.0767614745552259,Middle (5th-95th pct)
15601274,Hsieh,667,Spain,Female,40,1,146502.07,1,1,0,19162.89,0,Inactive Disengaged,Q4 (Highest),7.645092676522174,Top 5% (extreme high)
15697441,Hsueh,485,France,Male,29,7,182123.79,1,1,0,116828.51,1,Inactive Disengaged,Q4 (Highest),1.5588985085917815,Middle (5th-95th pct)
15636624,Nwabugwu,805,Spain,Female,39,5,165272.13,1,1,0,14109.85,1,Inactive Disengaged,Q4 (Highest),11.713245002604564,Top 5% (extreme high)
15777352,Ikedinachukwu,568,Spain,Female,32,7,169399.6,1,1,0,61936.22,0,Inactive Disengaged,Q4 (Highest),2.7350652009438097,Middle (5th-95th pct)
15583303,Monaldo,593,France,Female,29,2,152265.43,1,1,0,34004.44,0,Inactive Disengaged,Q4 (Highest),4.477810250661384,Middle (5th-95th pct)
15667871,Kerr,572,Spain,Male,35,4,152390.26,1,1,0,128123.66,0,Inactive Disengaged,Q4 (Highest),1.189399834503635,Middle (5th-95th pct)
15717225,Ikemefuna,544,France,Female,21,10,161525.96,2,1,0,9262.77,0,Inactive High-Balance,Q4 (Highest),17.43819181519135,Top 5% (extreme high)
15612187,Morin,547,Germany,Male,32,8,155726.85,1,1,0,67789.99,0,Inactive Disengaged,Q4 (Highest),2.2971953528832207,Middle (5th-95th pct)
15646372,Outhwaite,616,France,Female,66,1,135842.41,1,1,0,183840.51,1,Inactive Disengaged,Q4 (Highest),0.7389144536206954,Middle (5th-95th pct)
15578045,Mitchell,538,Spain,Female,49,9,141434.04,1,0,0,173779.25,1,Inactive Disengaged,Q4 (Highest),0.8138718517889795,Middle (5th-95th pct)
15691625,Ko,537,Germany,Female,41,3,138306.34,1,1,0,106761.47,0,Inactive Disengaged,Q4 (Highest),1.2954705475673949,Middle (5th-95th pct)
15784597,Lattimore,648,France,Male,26,9,162923.85,1,1,0,98368.24,0,Inactive Disengaged,Q4 (Highest),1.6562647659447804,Middle (5th-95th pct)
15783501,Findlay,800,France,Female,38,2,168190.33,2,1,0,68052.08,0,Inactive High-Balance,Q4 (Highest),2.471494331988089,Middle (5th-95th pct)
15794396,Newbold,494,Germany,Female,38,7,174937.64,1,1,0,40084.32,0,Inactive Disengaged,Q4 (Highest),4.364241179593417,Middle (5th-95th pct)
15668444,He,590,Spain,Female,44,3,139432.37,1,1,0,62222.81,0,Inactive Disengaged,Q4 (Highest),2.2408562069119027,Middle (5th-95th pct)
15593782,Brookes,816,Germany,Female,38,5,130878.75,3,1,0,71905.77,1,Inactive High-Balance,Q4 (Highest),1.8201425282004489,Middle (5th-95th pct)
15683625,Hare,703,France,Male,37,1,149762.08,1,1,0,20629.4,1,Inactive Disengaged,Q4 (Highest),7.259643033728561,Top 5% (extreme high)
15591986,Johnston,621,Germany,Male,46,6,141078.37,1,0,0,34580.8,1,Inactive Disengaged,Q4 (Highest),4.079673402581779,Middle (5th-95th pct)
15585865,Westerberg,673,France,Female,38,2,170061.92,2,0,0,134901.34,1,Inactive High-Balance,Q4 (Highest),1.2606392197438514,Middle (5th-95th pct)
15662403,Kryukova,622,France,Female,32,6,169089.38,2,1,0,101057.95,0,Inactive High-Balance,Q4 (Highest),1.6731922624593119,Middle (5th-95th pct)
15677307,Lo,684,Germany,Female,40,6,137326.65,1,1,0,186976.6,0,Inactive Disengaged,Q4 (Highest),0.7344590178664068,Middle (5th-95th pct)
15671256,Macartney,850,France,Female,35,1,211774.31,1,1,0,188574.12,1,Inactive Disengaged,Q4 (Highest),1.1230295546387807,Middle (5th-95th pct)
15653849,Lu,572,Germany,Female,48,3,152827.99,1,1,0,38411.79,1,Inactive Disengaged,Q4 (Highest),3.9786739956664343,Middle (5th-95th pct)
15592846,Fiorentini,639,Germany,Male,35,10,128173.9,2,1,0,59093.39,0,Inactive High-Balance,Q4 (Highest),2.1690057043605044,Middle (5th-95th pct)
15705953,Kodilinyechukwu,721,Spain,Male,51,0,169312.13,1,1,0,109078.35,1,Inactive Disengaged,Q4 (Highest),1.5522065561131058,Middle (5th-95th pct)
15720187,Han,479,Germany,Female,30,7,143964.36,2,1,0,41879.99,0,Inactive High-Balance,Q4 (Highest),3.4375452334157672,Middle (5th-95th pct)
15763063,Price,685,Spain,Female,25,10,128509.63,1,1,0,121562.33,0,Inactive Disengaged,Q4 (Highest),1.0571501056289394,Middle (5th-95th pct)
15711309,Sumrall,574,Germany,Male,33,3,129834.67,1,1,0,193131.42,0,Inactive Disengaged,Q4 (Highest),0.6722607331318746,Middle (5th-95th pct)
15705515,Lazarev,587,Germany,Male,40,5,138241.9,2,1,0,159418.1,0,Inactive High-Balance,Q4 (Highest),0.8671656480663111,Middle (5th-95th pct)
15761986,Obialo,439,Spain,Female,32,3,138901.61,1,1,0,75685.97,0,Inactive Disengaged,Q4 (Highest),1.8352359096408486,Middle (5th-95th pct)
15722010,Zuyev,621,Spain,Male,53,9,170491.84,1,1,0,35588.07,1,Inactive Disengaged,Q4 (Highest),4.790702052682261,Middle (5th-95th pct)
15591047,Ma,519,Spain,Female,47,6,157296.02,2,0,0,147278.43,1,Inactive High-Balance,Q4 (Highest),1.0680180390298837,Middle (5th-95th pct)
15604044,Mitchell,700,France,Male,38,8,134811.3,1,1,0,1299.75,0,Inactive Disengaged,Q4 (Highest),103.7209463358338,Top 5% (extreme high)
15637476,Alexandrova,683,Germany,Female,57,5,162448.69,1,0,0,9221.78,1,Inactive Disengaged,Q4 (Highest),17.615762900437876,Top 5% (extreme high)
15686611,Moss,495,France,Male,30,10,129755.99,1,0,0,172749.65,0,Inactive Disengaged,Q4 (Highest),0.7511215796963988,Middle (5th-95th pct)
15719352,Davidson,754,Spain,Male,39,6,170184.99,2,1,0,89593.26,0,Inactive High-Balance,Q4 (Highest),1.8995289377794713,Middle (5th-95th pct)
15766575,Larionova,612,Germany,Female,62,8,140745.33,1,1,0,193437.89,1,Inactive Disengaged,Q4 (Highest),0.7275995928202069,Middle (5th-95th pct)
15692463,Rahman,799,Spain,Female,28,3,142253.65,1,1,0,45042.56,0,Inactive Disengaged,Q4 (Highest),3.1582052618678866,Middle (5th-95th pct)
15798398,Pagnotto,785,France,Female,36,4,135438.4,1,0,0,190627.01,0,Inactive Disengaged,Q4 (Highest),0.710489033007442,Middle (5th-95th pct)
15640078,Chambers,660,Germany,Female,39,5,135134.99,1,1,0,173683.0,1,Inactive Disengaged,Q4 (Highest),0.7780553652343637,Middle (5th-95th pct)
15698786,Marcelo,819,France,Female,39,9,133102.92,1,1,0,27046.46,1,Inactive Disengaged,Q4 (Highest),4.921269548769045,Middle (5th-95th pct)
15711889,Mao,668,France,Male,42,3,150461.07,1,1,0,108139.23,0,Inactive Disengaged,Q4 (Highest),1.3913643550078914,Middle (5th-95th pct)
15786905,Russo,749,Germany,Female,40,8,141782.57,2,0,0,86333.63,0,Inactive High-Balance,Q4 (Highest),1.64226350727984,Middle (5th-95th pct)
15747867,Trevisani,583,France,Male,24,9,135125.28,1,0,0,89801.9,0,Inactive Disengaged,Q4 (Highest),1.5047040207389821,Middle (5th-95th pct)
15600337,Dobie,661,Spain,Male,42,2,178820.91,1,0,0,29358.57,1,Inactive Disengaged,Q4 (Highest),6.090927112594381,Middle (5th-95th pct)
15802741,Mitchel,625,France,Female,51,7,136294.97,1,1,0,38867.46,1,Inactive Disengaged,Q4 (Highest),3.5066600698887966,Middle (5th-95th pct)
15665238,Beneventi,745,Germany,Male,36,8,145071.24,1,0,0,6078.46,0,Inactive Disengaged,Q4 (Highest),23.86644643544582,Top 5% (extreme high)
15580148,Welch,750,Germany,Male,40,5,168286.81,3,1,0,20451.99,1,Inactive High-Balance,Q4 (Highest),8.22838315489104,Top 5% (extreme high)
15722548,Fisher,540,France,Male,48,0,148116.48,1,0,0,116973.48,0,Inactive Disengaged,Q4 (Highest),1.2662398348753925,Middle (5th-95th pct)
15716164,Nicholls,501,France,Female,41,3,144260.5,1,1,0,172114.67,0,Inactive Disengaged,Q4 (Highest),0.8381650442696139,Middle (5th-95th pct)
15571973,Chinwemma,776,France,Female,38,2,169824.46,1,1,0,169291.7,0,Inactive Disengaged,Q4 (Highest),1.0031469942117657,Middle (5th-95th pct)
15654238,Jen,673,France,Female,40,5,137494.28,1,1,0,81753.92,0,Inactive Disengaged,Q4 (Highest),1.6818065727001226,Middle (5th-95th pct)
15787619,Hsieh,844,France,Male,18,2,160980.03,1,0,0,145936.28,0,Inactive Disengaged,Q4 (Highest),1.1030843735361762,Middle (5th-95th pct)
15587535,Onyemauchechukwu,450,Spain,Female,46,5,177619.71,1,1,0,54227.06,0,Inactive Disengaged,Q4 (Highest),3.2754810974447075,Middle (5th-95th pct)
15685997,Azubuike,838,Spain,Female,39,5,166733.92,2,1,0,14279.44,0,Inactive High-Balance,Q4 (Highest),11.676502719994621,Top 5% (extreme high)
15660101,Nnonso,803,France,Male,31,9,157120.86,2,1,0,141300.53,0,Inactive High-Balance,Q4 (Highest),1.1119622835101892,Middle (5th-95th pct)
15647099,Ts'ui,633,France,Female,37,9,156091.97,1,1,0,72008.61,0,Inactive Disengaged,Q4 (Highest),2.167684808802725,Middle (5th-95th pct)
15583212,Chidozie,600,France,Female,43,5,134022.06,1,1,0,194764.83,0,Inactive Disengaged,Q4 (Highest),0.6881224911088928,Middle (5th-95th pct)
15812351,Beluchi,710,Spain,Female,27,2,135277.96,1,1,0,142200.15,0,Inactive Disengaged,Q4 (Highest),0.9513207967783437,Middle (5th-95th pct)
15584091,Pitts,742,Germany,Female,36,2,129748.54,2,0,0,47271.61,1,Inactive High-Balance,Q4 (Highest),2.7447455248509622,Middle (5th-95th pct)
15640442,Standish,717,France,Male,31,4,129722.57,1,0,0,41176.6,0,Inactive Disengaged,Q4 (Highest),3.1503953701859797,Middle (5th-95th pct)
15685320,Johnstone,767,France,Male,36,3,139180.2,1,0,0,123880.19,0,Inactive Disengaged,Q4 (Highest),1.1235065106051259,Middle (5th-95th pct)
15619708,Harker,745,France,Male,25,5,157993.15,2,1,0,146041.45,0,Inactive High-Balance,Q4 (Highest),1.0818377248377087,Middle (5th-95th pct)
15747807,Gallagher,720,France,Female,43,6,137824.03,2,1,0,172557.77,0,Inactive High-Balance,Q4 (Highest),0.7987123964339595,Middle (5th-95th pct)
15596939,Calabresi,659,Germany,Male,36,4,132578.92,2,1,0,84320.94,0,Inactive High-Balance,Q4 (Highest),1.572313117002728,Middle (5th-95th pct)
15716155,Shaw,841,France,Female,36,5,156021.31,1,0,0,122662.98,0,Inactive Disengaged,Q4 (Highest),1.2719510809210735,Middle (5th-95th pct)
15575883,Manna,559,France,Male,34,2,137390.11,2,1,0,9677.0,0,Inactive High-Balance,Q4 (Highest),14.197593262374701,Top 5% (extreme high)
15707567,Esposito,732,Germany,Male,50,6,145338.76,1,0,0,91936.1,1,Inactive Disengaged,Q4 (Highest),1.5808671457675494,Middle (5th-95th pct)
15737792,Abbie,818,France,Female,31,1,186796.37,1,0,0,178252.63,0,Inactive Disengaged,Q4 (Highest),1.0479305130028096,Middle (5th-95th pct)
15806983,Moss,640,France,Male,44,3,137148.68,1,1,0,92381.01,0,Inactive Disengaged,Q4 (Highest),1.4845981874413368,Middle (5th-95th pct)
15572265,Wu,646,Germany,Male,46,1,170826.55,2,1,0,45041.32,0,Inactive High-Balance,Q4 (Highest),3.7926630480634222,Middle (5th-95th pct)
15693864,Iheanacho,567,Germany,Female,49,5,134956.02,1,1,0,93953.84,1,Inactive Disengaged,Q4 (Highest),1.4364077082959035,Middle (5th-95th pct)
15807663,McGregor,667,France,Male,43,8,190227.46,1,1,0,97508.04,1,Inactive Disengaged,Q4 (Highest),1.9508899984042343,Middle (5th-95th pct)
15809100,Nucci,548,France,Female,32,2,172448.77,1,1,0,188083.77,1,Inactive Disengaged,Q4 (Highest),0.9168721469162384,Middle (5th-95th pct)
15756804,O'Loghlen,636,France,Female,48,1,170833.46,1,1,0,110510.28,1,Inactive Disengaged,Q4 (Highest),1.5458603489195755,Middle (5th-95th pct)
15692750,McGregor,629,Germany,Female,45,7,129818.39,3,1,0,9217.55,1,Inactive High-Balance,Q4 (Highest),14.083828132204328,Top 5% (extreme high)
15656333,Jen,574,France,Female,33,3,134348.57,1,1,0,63163.99,0,Inactive Disengaged,Q4 (Highest),2.126980420331268,Middle (5th-95th pct)
15591711,Sleeman,739,Spain,Male,38,0,128366.44,1,1,0,12796.43,0,Inactive Disengaged,Q4 (Highest),10.031425952394535,Top 5% (extreme high)
15768104,Wright,788,Spain,Male,37,8,141541.25,1,0,0,66013.27,0,Inactive Disengaged,Q4 (Highest),2.1441332931999884,Middle (5th-95th pct)
15632210,Hill,657,Germany,Male,25,2,171770.55,1,1,0,22745.5,0,Inactive Disengaged,Q4 (Highest),7.551847618210195,Top 5% (extreme high)
15786014,Ku,568,France,Male,28,5,145105.64,2,1,0,185489.11,0,Inactive High-Balance,Q4 (Highest),0.7822865719717994,Middle (5th-95th pct)
15655961,Palermo,756,Germany,Male,27,1,131899.0,1,1,0,93302.29,0,Inactive Disengaged,Q4 (Highest),1.413673769421951,Middle (5th-95th pct)
15790782,Baryshnikov,661,Spain,Male,39,6,132628.98,1,0,0,38812.67,0,Inactive Disengaged,Q4 (Highest),3.4171568201826883,Middle (5th-95th pct)
15634141,Shephard,708,Germany,Female,42,8,192390.52,2,1,0,823.36,0,Inactive High-Balance,Q4 (Highest),233.66512825495528,Top 5% (extreme high)
15785899,Ch'en,789,Germany,Male,33,8,151607.56,1,1,0,4389.4,0,Inactive Disengaged,Q4 (Highest),34.53947236524354,Top 5% (extreme high)
15571002,Yusupov,706,France,Female,44,4,129605.99,1,0,0,69865.49,0,Inactive Disengaged,Q4 (Highest),1.855078809294832,Middle (5th-95th pct)
15619529,Ndukaku,531,Spain,Male,27,8,132576.25,1,0,0,7222.92,0,Inactive Disengaged,Q4 (Highest),18.354938169050744,Top 5% (extreme high)
15582797,Ch'iu,685,Spain,Male,35,4,137948.51,1,1,0,113639.64,0,Inactive Disengaged,Q4 (Highest),1.2139118884924311,Middle (5th-95th pct)
15570060,Palerma,586,France,Female,43,8,132558.26,1,1,0,67046.83,1,Inactive Disengaged,Q4 (Highest),1.977099588451833,Middle (5th-95th pct)
15799515,Wei,652,France,Female,48,8,133297.24,1,1,0,77764.37,0,Inactive Disengaged,Q4 (Highest),1.7141171464515175,Middle (5th-95th pct)
15624729,Tsao,594,France,Male,27,0,197041.8,1,0,0,151912.49,0,Inactive Disengaged,Q4 (Highest),1.2970743880243158,Middle (5th-95th pct)
15807008,McGregor,614,Germany,Female,35,6,128100.28,1,0,0,69454.24,1,Inactive Disengaged,Q4 (Highest),1.84438387058875,Middle (5th-95th pct)
15655339,Spencer,566,France,Male,36,1,142120.91,1,1,0,79616.37,0,Inactive Disengaged,Q4 (Highest),1.7850714620623875,Middle (5th-95th pct)
15613749,Lees,569,Spain,Male,34,0,151839.26,1,1,0,102299.81,1,Inactive Disengaged,Q4 (Highest),1.4842574976434464,Middle (5th-95th pct)
15681206,Hsing,722,France,Female,49,3,168197.66,1,1,0,140765.57,1,Inactive Disengaged,Q4 (Highest),1.1948778383805074,Middle (5th-95th pct)
15701301,Murphy,646,France,Female,42,3,175159.9,2,0,0,67124.48,1,Inactive High-Balance,Q4 (Highest),2.609478687954082,Middle (5th-95th pct)
15587451,Goold,778,Germany,Male,41,7,139706.31,1,1,0,63337.19,0,Inactive Disengaged,Q4 (Highest),2.2057547864059015,Middle (5th-95th pct)
15654673,Onyinyechukwuka,625,France,Male,49,6,173434.9,1,1,0,165580.93,1,Inactive Disengaged,Q4 (Highest),1.047432817293634,Middle (5th-95th pct)
15593969,Abramovich,630,Spain,Female,39,7,135483.17,1,1,0,140881.2,1,Inactive Disengaged,Q4 (Highest),0.9616838158675537,Middle (5th-95th pct)
15743016,MacDonald,602,Spain,Female,22,7,141604.76,1,1,0,30379.6,0,Inactive Disengaged,Q4 (Highest),4.661179212366194,Middle (5th-95th pct)
15650933,Ma,490,Spain,Female,48,8,155413.06,1,1,0,187921.3,0,Inactive Disengaged,Q4 (Highest),0.8270114138205727,Middle (5th-95th pct)
15692744,Davison,512,France,Male,36,4,152169.12,2,0,0,38629.3,1,Inactive High-Balance,Q4 (Highest),3.9392150517871145,Middle (5th-95th pct)
15599131,Dilke,650,Germany,Male,26,4,214346.96,2,1,0,128815.33,0,Inactive High-Balance,Q4 (Highest),1.663986421491914,Middle (5th-95th pct)
15648075,Hebert,686,Germany,Female,47,5,170935.94,1,1,0,173179.79,1,Inactive Disengaged,Q4 (Highest),0.9870432340863792,Middle (5th-95th pct)
15729832,Cheng,658,France,Male,29,3,145512.84,1,1,0,20207.02,0,Inactive Disengaged,Q4 (Highest),7.201103378924749,Middle (5th-95th pct)
15724127,McLean,790,France,Female,26,4,141581.71,2,0,0,98309.27,0,Inactive High-Balance,Q4 (Highest),1.4401664258111162,Middle (5th-95th pct)
15660316,Stephenson,420,Germany,Female,34,1,135549.9,1,0,0,149471.13,1,Inactive Disengaged,Q4 (Highest),0.9068634190428613,Middle (5th-95th pct)
15648800,Paterson,731,Germany,Female,21,8,132312.06,1,1,0,106663.46,1,Inactive Disengaged,Q4 (Highest),1.2404628539145457,Middle (5th-95th pct)
15626147,Maclean,608,France,Female,62,8,144976.5,1,0,0,175836.03,1,Inactive Disengaged,Q4 (Highest),0.8244982555622986,Middle (5th-95th pct)
15750258,Ann,675,France,Female,32,2,155663.31,1,1,0,97658.66,0,Inactive Disengaged,Q4 (Highest),1.5939529581913165,Middle (5th-95th pct)
15656121,Medvedeva,733,Germany,Male,31,6,157791.07,2,0,0,177994.81,0,Inactive High-Balance,Q4 (Highest),0.8864925331249828,Middle (5th-95th pct)
15698510,Onwudiwe,468,Germany,Male,42,9,181627.14,2,1,0,172668.39,0,Inactive High-Balance,Q4 (Highest),1.0518841346699301,Middle (5th-95th pct)
15575581,Dickson,614,Germany,Female,30,3,131344.52,2,1,0,54776.64,0,Inactive High-Balance,Q4 (Highest),2.397819946604976,Middle (5th-95th pct)
15722993,Page,700,France,Female,27,6,137963.07,1,0,0,8996.79,0,Inactive Disengaged,Q4 (Highest),15.334699376110812,Top 5% (extreme high)
15669899,Fitts,755,Germany,Female,45,7,135643.0,1,0,0,143619.52,1,Inactive Disengaged,Q4 (Highest),0.9444607529672847,Middle (5th-95th pct)
15768006,Wu,729,France,Male,34,3,152303.8,1,1,0,12128.69,0,Inactive Disengaged,Q4 (Highest),12.557316577470443,Top 5% (extreme high)
15723907,Lawless,712,Germany,Female,49,5,154776.42,2,0,0,196257.68,0,Inactive High-Balance,Q4 (Highest),0.7886387936512855,Middle (5th-95th pct)
15633419,Brooks,622,Germany,Female,28,1,143124.63,2,1,0,81723.8,0,Inactive High-Balance,Q4 (Highest),1.751321279725123,Middle (5th-95th pct)
15588670,Despeissis,705,Spain,Female,40,5,203715.15,1,1,0,179978.68,1,Inactive Disengaged,Q4 (Highest),1.1318848988113481,Middle (5th-95th pct)
15755649,Winter-Irving,584,Germany,Male,47,7,130538.77,1,1,0,92915.84,0,Inactive Disengaged,Q4 (Highest),1.4049140598632053,Middle (5th-95th pct)
15639882,She,528,France,Male,30,2,128262.72,2,1,0,50771.16,0,Inactive High-Balance,Q4 (Highest),2.5262909100363276,Middle (5th-95th pct)
15589572,Otutodilichukwu,785,Spain,Female,61,4,129855.72,2,1,0,170214.82,1,Inactive High-Balance,Q4 (Highest),0.762893148786927,Middle (5th-95th pct)
15779947,Thomas,363,Spain,Female,28,6,146098.43,3,1,0,100615.14,1,Inactive High-Balance,Q4 (Highest),1.4520521464264722,Middle (5th-95th pct)
15651052,McMasters,399,Germany,Male,46,2,127655.22,1,1,0,139994.68,1,Inactive Disengaged,Q4 (Highest),0.9118576505907225,Middle (5th-95th pct)
15697625,Bevan,791,France,Male,37,2,163789.49,2,1,0,75832.53,0,Inactive High-Balance,Q4 (Highest),2.1598842871258546,Middle (5th-95th pct)
15628298,Johnstone,500,Spain,Female,47,8,128486.11,1,1,0,179227.12,0,Inactive Disengaged,Q4 (Highest),0.7168898880928288,Middle (5th-95th pct)
15613844,Murphy,557,France,Female,28,7,146445.24,2,1,0,184317.74,0,Inactive High-Balance,Q4 (Highest),0.794526017951392,Middle (5th-95th pct)
15616709,Bunton,587,Germany,Female,38,0,132122.42,2,0,0,31730.32,0,Inactive High-Balance,Q4 (Highest),4.1639170358193685,Middle (5th-95th pct)
15743532,Ball,704,Germany,Male,27,5,147004.34,1,1,0,64381.33,1,Inactive Disengaged,Q4 (Highest),2.283338042255418,Middle (5th-95th pct)
15726557,Lai,638,France,Female,42,7,165679.92,1,0,0,32916.29,0,Inactive Disengaged,Q4 (Highest),5.033371622379072,Middle (5th-95th pct)
15617078,Ewing,658,France,Female,44,6,148481.09,1,1,0,130529.13,0,Inactive Disengaged,Q4 (Highest),1.1375322121583127,Middle (5th-95th pct)
15756539,Marshall,585,Germany,Female,39,7,165610.41,2,0,0,131852.01,0,Inactive High-Balance,Q4 (Highest),1.2560325018936003,Middle (5th-95th pct)
15625916,Chien,562,Spain,Male,32,6,161628.66,1,1,0,91482.5,0,Inactive Disengaged,Q4 (Highest),1.7667713497116935,Middle (5th-95th pct)
15779182,Chia,790,Spain,Male,46,8,182364.53,1,0,0,139266.48,1,Inactive Disengaged,Q4 (Highest),1.309464632121096,Middle (5th-95th pct)
15590993,Findlay,579,Spain,Male,37,5,152212.88,2,0,0,120219.14,0,Inactive High-Balance,Q4 (Highest),1.266128504995128,Middle (5th-95th pct)
15565701,Ferri,698,Spain,Female,39,9,161993.89,1,0,0,90212.38,0,Inactive Disengaged,Q4 (Highest),1.7956946707314452,Middle (5th-95th pct)
15597239,Ku,548,Spain,Male,39,7,131468.44,1,1,0,164975.82,0,Inactive Disengaged,Q4 (Highest),0.7968952056125558,Middle (5th-95th pct)
15813917,Kirk,653,Germany,Male,31,9,143321.97,1,1,0,83679.46,0,Inactive Disengaged,Q4 (Highest),1.7127496998666099,Middle (5th-95th pct)
15679611,Andrews,734,Spain,Female,37,2,130404.92,1,0,0,34548.74,0,Inactive Disengaged,Q4 (Highest),3.774520286412761,Middle (5th-95th pct)
15737748,McWilliam,534,Spain,Female,33,3,151233.62,1,0,0,199336.63,0,Inactive Disengaged,Q4 (Highest),0.7586845428258719,Middle (5th-95th pct)
15724620,Dodds,538,France,Male,37,1,134752.08,1,1,0,162511.55,0,Inactive Disengaged,Q4 (Highest),0.8291846333383689,Middle (5th-95th pct)
15683930,Ch'iu,593,Germany,Female,32,9,134096.53,2,1,0,53931.05,1,Inactive High-Balance,Q4 (Highest),2.4864438945653755,Middle (5th-95th pct)
15629244,Bryant,635,Spain,Male,50,7,159453.64,2,0,0,54560.79,1,Inactive High-Balance,Q4 (Highest),2.9224950738433226,Middle (5th-95th pct)
15682773,Hayward,781,France,Female,38,3,128345.69,2,1,0,63218.85,0,Inactive High-Balance,Q4 (Highest),2.0301807135055445,Middle (5th-95th pct)
15650889,Golubev,710,Germany,Female,30,10,133537.1,2,1,0,155593.74,0,Inactive High-Balance,Q4 (Highest),0.8582421117970428,Middle (5th-95th pct)
15609824,Fedorov,794,France,Female,41,7,176845.41,3,1,0,166526.26,1,Inactive High-Balance,Q4 (Highest),1.0619671035667286,Middle (5th-95th pct)
15689514,Kang,625,France,Male,43,8,201696.07,1,1,0,133020.9,1,Inactive Disengaged,Q4 (Highest),1.5162735329560995,Middle (5th-95th pct)
15771942,Tikhonov,528,Germany,Female,46,9,135555.66,1,1,0,133146.03,1,Inactive Disengaged,Q4 (Highest),1.018097648123643,Middle (5th-95th pct)
15743067,Fuller,625,Germany,Male,26,3,130483.95,1,1,0,122810.53,0,Inactive Disengaged,Q4 (Highest),1.0624817757890956,Middle (5th-95th pct)
15684196,Aitken,627,France,Female,55,2,159441.27,1,1,0,100686.11,1,Inactive Disengaged,Q4 (Highest),1.5835478200518422,Middle (5th-95th pct)
15646276,Metcalfe,831,France,Female,32,2,146033.62,1,1,0,191260.74,0,Inactive Disengaged,Q4 (Highest),0.7635316061205243,Middle (5th-95th pct)
15613282,Vorobyova,757,France,Male,29,8,130306.49,1,1,0,77469.38,0,Inactive Disengaged,Q4 (Highest),1.68203863255392,Middle (5th-95th pct)
15612494,Panicucci,359,France,Female,44,6,128747.69,1,1,0,146955.71,1,Inactive Disengaged,Q4 (Highest),0.8760985877990043,Middle (5th-95th pct)
15797733,Udobata,503,Germany,Male,30,10,136622.55,2,0,0,47310.24,0,Inactive High-Balance,Q4 (Highest),2.8878008228239804,Middle (5th-95th pct)
15649280,Lucchese,521,Germany,Female,40,9,134504.78,1,1,0,18082.06,0,Inactive Disengaged,Q4 (Highest),7.438576135683655,Top 5% (extreme high)
15710206,Larson,591,France,Female,39,4,150500.64,1,1,0,14928.8,0,Inactive Disengaged,Q4 (Highest),10.081228229998393,Top 5% (extreme high)
15796334,Chukwualuka,558,Germany,Male,39,10,144757.02,1,1,0,22878.16,1,Inactive Disengaged,Q4 (Highest),6.3273016711134105,Middle (5th-95th pct)
15726556,Macgroarty,594,Germany,Female,26,6,135067.52,2,0,0,131211.86,0,Inactive High-Balance,Q4 (Highest),1.0293849961428791,Middle (5th-95th pct)
15676242,Artemova,632,Spain,Male,31,3,136556.44,1,1,0,82152.83,1,Inactive Disengaged,Q4 (Highest),1.662224417588536,Middle (5th-95th pct)
15650391,Wallace,633,France,Female,29,7,169988.35,1,1,0,4272.0,0,Inactive Disengaged,Q4 (Highest),39.79128043071161,Top 5% (extreme high)
15681843,Barbour,624,Germany,Female,35,0,180303.24,2,1,0,163587.9,0,Inactive High-Balance,Q4 (Highest),1.1021795621803323,Middle (5th-95th pct)
15762277,Jamieson,710,France,Male,47,5,158623.14,1,0,0,83499.89,1,Inactive Disengaged,Q4 (Highest),1.8996808259268367,Middle (5th-95th pct)
15798975,Doherty,606,Germany,Male,48,4,132403.56,1,0,0,36091.91,1,Inactive Disengaged,Q4 (Highest),3.668510754903245,Middle (5th-95th pct)
15577274,Genovese,549,Germany,Female,43,3,134985.66,1,1,0,6101.41,0,Inactive Disengaged,Q4 (Highest),22.12368288641478,Top 5% (extreme high)
15742613,Warner,773,Germany,Female,42,8,152324.66,2,1,0,171733.22,0,Inactive High-Balance,Q4 (Highest),0.8869842421868058,Middle (5th-95th pct)
15615012,Fan,594,France,Male,23,5,156267.59,1,1,0,160968.44,0,Inactive Disengaged,Q4 (Highest),0.9707964492915505,Middle (5th-95th pct)
15585047,Onyemere,715,France,Male,28,7,160376.61,1,0,0,196853.11,0,Inactive Disengaged,Q4 (Highest),0.8147019368909132,Middle (5th-95th pct)
15765520,Stevenson,769,Germany,Male,27,7,188614.07,1,1,0,171344.09,0,Inactive Disengaged,Q4 (Highest),1.1007912207535142,Middle (5th-95th pct)
15594404,Bevan,834,France,Female,49,8,160602.25,2,1,0,129273.94,0,Inactive High-Balance,Q4 (Highest),1.2423404902797888,Middle (5th-95th pct)
15750248,Wright,619,France,Female,35,8,132292.63,1,1,0,65682.93,0,Inactive Disengaged,Q4 (Highest),2.014109754239039,Middle (5th-95th pct)
15662955,Nicholls,697,France,Male,27,8,141223.68,2,1,0,90591.15,0,Inactive High-Balance,Q4 (Highest),1.558912542781497,Middle (5th-95th pct)
15783955,Miah,697,France,Female,25,4,165686.11,2,1,0,15467.98,0,Inactive High-Balance,Q4 (Highest),10.711554449902314,Top 5% (extreme high)
15745827,Padovesi,617,France,Male,30,3,132005.77,1,1,0,142940.39,0,Inactive Disengaged,Q4 (Highest),0.9235022375411175,Middle (5th-95th pct)
15651533,Brown,570,Germany,Female,50,5,129293.74,1,1,0,177805.44,1,Inactive Disengaged,Q4 (Highest),0.7271641407596978,Middle (5th-95th pct)
15655574,Okeke,698,Germany,Female,40,8,150777.1,1,1,0,114732.62,0,Inactive Disengaged,Q4 (Highest),1.3141606981519294,Middle (5th-95th pct)
15752342,Bradley,704,Germany,Female,54,6,133656.91,3,1,0,145071.33,1,Inactive High-Balance,Q4 (Highest),0.9213185679072496,Middle (5th-95th pct)
15663441,Golibe,700,Germany,Female,40,4,148571.07,1,1,0,189826.96,1,Inactive Disengaged,Q4 (Highest),0.7826658025814669,Middle (5th-95th pct)
15572093,Han,613,France,Female,24,7,140453.91,1,1,0,129001.3,0,Inactive Disengaged,Q4 (Highest),1.088779027808247,Middle (5th-95th pct)
15807595,Ijendu,485,Germany,Male,51,7,144244.59,2,1,0,51113.14,0,Inactive High-Balance,Q4 (Highest),2.822064737169346,Middle (5th-95th pct)
15567993,Palmer,828,Spain,Male,28,8,134766.85,1,1,0,79355.87,0,Inactive Disengaged,Q4 (Highest),1.6982593726210804,Middle (5th-95th pct)
15630419,Davis,634,France,Male,44,9,149961.11,1,1,0,57121.51,0,Inactive Disengaged,Q4 (Highest),2.6253001715115722,Middle (5th-95th pct)
15738828,Milano,730,Germany,Male,45,6,152880.97,1,0,0,162478.11,0,Inactive Disengaged,Q4 (Highest),0.9409327201061116,Middle (5th-95th pct)
15612627,Ozuluonye,627,Germany,Male,29,5,139541.58,2,1,0,80607.33,0,Inactive High-Balance,Q4 (Highest),1.7311276778426972,Middle (5th-95th pct)
15663489,Onio,633,Germany,Female,29,0,138577.34,1,1,0,193362.99,0,Inactive Disengaged,Q4 (Highest),0.7166694102113337,Middle (5th-95th pct)
15730639,Fiorentino,715,France,Male,23,7,139224.92,2,1,0,65057.71,0,Inactive High-Balance,Q4 (Highest),2.1400218359976093,Middle (5th-95th pct)
15568963,Naquin,674,Germany,Male,34,2,152797.9,1,1,0,175709.4,1,Inactive Disengaged,Q4 (Highest),0.8696057239965534,Middle (5th-95th pct)
15703820,Endrizzi,552,France,Male,42,9,133701.07,2,1,0,101069.71,1,Inactive High-Balance,Q4 (Highest),1.3228599349894246,Middle (5th-95th pct)
15645544,Nekrasov,642,Germany,Female,30,5,129753.69,1,1,0,582.53,0,Inactive Disengaged,Q4 (Highest),222.7416442071653,Top 5% (extreme high)
15796313,Olsen,662,France,Female,36,4,166909.2,2,1,0,138871.12,1,Inactive High-Balance,Q4 (Highest),1.2019000062792036,Middle (5th-95th pct)
15770525,T'an,760,Spain,Male,28,1,141038.57,2,0,0,16287.38,0,Inactive High-Balance,Q4 (Highest),8.659377382979953,Top 5% (extreme high)
15721303,O'Meara,640,Spain,Male,34,1,137523.02,1,0,0,24761.36,0,Inactive Disengaged,Q4 (Highest),5.553936455832797,Middle (5th-95th pct)
15753549,Dubinina,669,France,Male,25,1,157848.53,1,0,0,37543.93,1,Inactive Disengaged,Q4 (Highest),4.204368855364902,Middle (5th-95th pct)
15707078,Kruglov,577,France,Female,26,1,180530.51,1,0,0,123454.62,0,Inactive Disengaged,Q4 (Highest),1.4623228357108062,Middle (5th-95th pct)
15607381,King,769,Germany,Female,31,7,148913.72,2,1,0,53817.23,0,Inactive High-Balance,Q4 (Highest),2.7670268425186504,Middle (5th-95th pct)
15595221,Trevisano,850,Germany,Female,33,7,134678.13,1,1,0,113177.95,0,Inactive Disengaged,Q4 (Highest),1.189967922196859,Middle (5th-95th pct)
15804394,Brenan,663,Germany,Male,32,8,130627.66,1,1,0,47161.25,1,Inactive Disengaged,Q4 (Highest),2.7698091123538924,Middle (5th-95th pct)
15619343,Mahmood,561,France,Male,56,7,152759.0,2,1,0,133167.11,1,Inactive High-Balance,Q4 (Highest),1.1471225890537087,Middle (5th-95th pct)
15769346,Baird,587,France,Female,36,1,134997.49,2,1,0,44688.08,0,Inactive High-Balance,Q4 (Highest),3.020883645034649,Middle (5th-95th pct)
15633574,Montes,730,France,Female,41,4,167545.32,1,1,0,128246.81,0,Inactive Disengaged,Q4 (Highest),1.3064287524968459,Middle (5th-95th pct)
15726494,Romani,481,France,Male,44,9,175303.06,1,1,0,65500.53,1,Inactive Disengaged,Q4 (Highest),2.676360939369498,Middle (5th-95th pct)
15597909,Johnstone,652,Germany,Male,33,7,128135.99,1,1,0,158437.73,0,Inactive Disengaged,Q4 (Highest),0.8087466918391218,Middle (5th-95th pct)
15811314,Y?,589,Germany,Female,36,9,140355.56,2,1,0,136329.96,0,Inactive High-Balance,Q4 (Highest),1.029528358990203,Middle (5th-95th pct)
15699772,Barclay,428,Germany,Female,40,3,129248.11,2,1,0,72876.43,1,Inactive High-Balance,Q4 (Highest),1.7735241696114918,Middle (5th-95th pct)
15629575,Wheare,717,France,Male,36,2,148061.89,1,1,0,179128.69,1,Inactive Disengaged,Q4 (Highest),0.8265671456649407,Middle (5th-95th pct)
15647782,Brown,729,Germany,Male,36,8,152899.24,2,1,0,177130.33,0,Inactive High-Balance,Q4 (Highest),0.8632019146579809,Middle (5th-95th pct)
15716609,L?,484,Germany,Male,54,3,134388.11,1,0,0,49954.79,1,Inactive Disengaged,Q4 (Highest),2.6901946740242524,Middle (5th-95th pct)
15652693,Greco,573,France,Female,26,4,129109.02,1,0,0,149814.68,1,Inactive Disengaged,Q4 (Highest),0.8617915146900158,Middle (5th-95th pct)
15810457,Miller,728,Germany,Female,33,9,150412.14,2,1,0,170764.08,0,Inactive High-Balance,Q4 (Highest),0.8808183781975696,Middle (5th-95th pct)
15697879,Webb,701,France,Male,30,3,156660.72,2,1,0,45742.42,0,Inactive High-Balance,Q4 (Highest),3.4248454716650323,Middle (5th-95th pct)
15651713,King,684,France,Male,45,6,148071.39,1,1,0,183575.01,0,Inactive Disengaged,Q4 (Highest),0.8065988393518269,Middle (5th-95th pct)
15737265,Nwokeocha,728,Germany,Male,39,6,152182.83,1,0,0,161203.6,0,Inactive Disengaged,Q4 (Highest),0.9440411380391007,Middle (5th-95th pct)
15607347,Olisaemeka,734,France,Male,22,5,130056.23,1,0,0,121894.31,1,Inactive Disengaged,Q4 (Highest),1.0669589909487982,Middle (5th-95th pct)
15589793,Onwuamaeze,604,France,Male,53,8,144453.75,1,1,0,190998.96,1,Inactive Disengaged,Q4 (Highest),0.7563064741294927,Middle (5th-95th pct)
15780514,Fuller,707,France,Male,33,8,136678.52,1,1,0,54290.62,0,Inactive Disengaged,Q4 (Highest),2.5175347048900893,Middle (5th-95th pct)
15623647,Dellucci,655,Spain,Female,36,1,135515.76,1,1,0,86013.96,0,Inactive Disengaged,Q4 (Highest),1.575508905763669,Middle (5th-95th pct)
15668472,Ritchie,705,Spain,Female,24,5,177799.83,2,0,0,79886.06,0,Inactive High-Balance,Q4 (Highest),2.2256677823389963,Middle (5th-95th pct)
15692416,Aikenhead,358,Spain,Female,52,8,143542.36,3,1,0,141959.11,1,Inactive High-Balance,Q4 (Highest),1.0111528594395949,Middle (5th-95th pct)
15771139,Douglas,578,Germany,Male,34,8,147487.23,2,1,0,66680.77,0,Inactive High-Balance,Q4 (Highest),2.211840535134792,Middle (5th-95th pct)
15693468,Simmons,488,Spain,Female,39,9,140553.46,1,0,0,12440.44,0,Inactive Disengaged,Q4 (Highest),11.298110034693305,Top 5% (extreme high)
15762268,Hancock,666,France,Female,41,10,141162.08,1,1,0,50908.48,0,Inactive Disengaged,Q4 (Highest),2.77285984574672,Middle (5th-95th pct)
15679283,Parkhill,694,France,Female,33,4,129731.64,2,1,0,178123.86,0,Inactive High-Balance,Q4 (Highest),0.7283226402122658,Middle (5th-95th pct)
15756680,Phillips,667,France,Male,28,6,165798.1,1,1,0,147090.9,0,Inactive Disengaged,Q4 (Highest),1.127181219232461,Middle (5th-95th pct)
15787189,Tai,824,Germany,Male,60,8,134250.17,3,0,0,153046.16,1,Inactive High-Balance,Q4 (Highest),0.8771874446245499,Middle (5th-95th pct)
15742238,Dellucci,705,Germany,Male,35,4,136496.12,2,1,0,116672.02,0,Inactive High-Balance,Q4 (Highest),1.1699130605607067,Middle (5th-95th pct)
15696703,Dean,691,Germany,Male,27,3,160358.68,2,1,0,142367.72,0,Inactive High-Balance,Q4 (Highest),1.1263696573914368,Middle (5th-95th pct)
15795519,Vasiliev,716,Germany,Female,18,3,128743.8,1,0,0,197322.13,0,Inactive Disengaged,Q4 (Highest),0.6524549476533625,Middle (5th-95th pct)
15761477,Golibe,501,Germany,Male,24,4,130806.42,2,1,0,80241.14,0,Inactive High-Balance,Q4 (Highest),1.6301665205653857,Middle (5th-95th pct)
15678146,Wong,668,Spain,Female,24,7,173962.32,1,0,0,106457.11,1,Inactive Disengaged,Q4 (Highest),1.6341071066084736,Middle (5th-95th pct)
15771702,Roberts,567,France,Female,35,5,166118.45,2,1,0,127827.18,0,Inactive High-Balance,Q4 (Highest),1.2995549929209111,Middle (5th-95th pct)
15610686,Melton,850,France,Male,63,8,169832.57,1,0,0,184107.26,1,Inactive Disengaged,Q4 (Highest),0.922465360681594,Middle (5th-95th pct)
15747980,Cattaneo,737,Spain,Male,38,6,146282.79,2,1,0,198516.2,0,Inactive High-Balance,Q4 (Highest),0.73688086916836,Middle (5th-95th pct)
15805303,Olisanugo,661,Germany,Male,44,1,141136.62,1,1,0,189742.78,1,Inactive Disengaged,Q4 (Highest),0.743831306782793,Middle (5th-95th pct)
15744843,K'ung,569,Spain,Female,34,6,144855.34,1,0,0,196555.32,0,Inactive Disengaged,Q4 (Highest),0.7369698261029006,Middle (5th-95th pct)
15784736,Jamieson,562,France,Male,45,6,136855.24,1,1,0,46864.0,0,Inactive Disengaged,Q4 (Highest),2.9202637418914303,Middle (5th-95th pct)
15687477,Thompson,594,Germany,Male,28,5,185013.02,1,1,0,16481.12,0,Inactive Disengaged,Q4 (Highest),11.22575528847554,Top 5% (extreme high)
15672945,Parkes,661,France,Female,37,5,136425.18,1,1,0,81102.81,0,Inactive Disengaged,Q4 (Highest),1.6821264269388447,Middle (5th-95th pct)
15673578,Page,611,Germany,Female,40,7,128486.91,2,1,0,10109.47,0,Inactive High-Balance,Q4 (Highest),12.709559452671606,Top 5% (extreme high)
15732740,Plant,765,Spain,Female,32,9,178095.55,1,0,0,47247.56,0,Inactive Disengaged,Q4 (Highest),3.769412642684617,Middle (5th-95th pct)
15603851,Galkin,704,France,Male,32,7,127785.17,4,0,0,184464.7,1,Inactive High-Balance,Q4 (Highest),0.6927350869841221,Middle (5th-95th pct)
15703482,Walker,710,Germany,Male,34,9,134260.36,2,1,0,147074.67,0,Inactive High-Balance,Q4 (Highest),0.9128720805560874,Middle (5th-95th pct)
15639322,Grave,633,Spain,Male,33,4,137847.41,2,1,0,98349.13,0,Inactive High-Balance,Q4 (Highest),1.4016129069977539,Middle (5th-95th pct)
15694200,Gardner,693,France,Male,36,8,178111.82,1,0,0,58719.63,1,Inactive Disengaged,Q4 (Highest),3.03325855425179,Middle (5th-95th pct)
15569678,Cocci,561,Germany,Male,32,6,166824.59,1,1,0,139451.98,0,Inactive Disengaged,Q4 (Highest),1.1962869942757355,Middle (5th-95th pct)
15805260,Wood,705,Germany,Female,56,2,143249.67,1,1,0,88428.41,1,Inactive Disengaged,Q4 (Highest),1.619950760168593,Middle (5th-95th pct)
15633108,Thorpe,646,France,Male,26,4,139848.17,1,1,0,164696.27,0,Inactive Disengaged,Q4 (Highest),0.8491277307008837,Middle (5th-95th pct)
15762169,Bergman,556,Germany,Male,37,9,145018.64,2,1,0,90928.02,1,Inactive High-Balance,Q4 (Highest),1.5948729555531949,Middle (5th-95th pct)
15609998,Okwudilichukwu,700,Germany,Female,59,5,137648.41,1,1,0,142977.05,1,Inactive Disengaged,Q4 (Highest),0.9627308019014241,Middle (5th-95th pct)
15761763,Jamieson,845,France,Male,33,8,164385.53,1,1,0,150664.97,0,Inactive Disengaged,Q4 (Highest),1.0910666892244427,Middle (5th-95th pct)
15770174,Piazza,762,France,Male,29,6,141389.06,1,1,0,54122.89,0,Inactive Disengaged,Q4 (Highest),2.6123708471591227,Middle (5th-95th pct)
15682435,P'eng,600,France,Male,35,4,143744.77,2,1,0,104076.51,0,Inactive High-Balance,Q4 (Highest),1.3811451786767255,Middle (5th-95th pct)
15731507,Mackenzie,456,France,Female,33,1,188285.68,1,0,0,58363.94,0,Inactive Disengaged,Q4 (Highest),3.2260618457218615,Middle (5th-95th pct)
15770974,Nwabugwu,741,Germany,Female,37,8,170840.08,2,0,0,109843.16,0,Inactive High-Balance,Q4 (Highest),1.5553092245343267,Middle (5th-95th pct)
15806049,Lee,714,Germany,Female,49,5,140510.89,1,1,0,141914.94,0,Inactive Disengaged,Q4 (Highest),0.9901063975364399,Middle (5th-95th pct)
15736069,Hsing,767,Germany,Female,35,6,132253.22,1,1,0,115566.57,1,Inactive Disengaged,Q4 (Highest),1.1443899390628276,Middle (5th-95th pct)
15756125,Booth,757,Spain,Male,44,5,140856.16,2,1,0,158735.1,0,Inactive High-Balance,Q4 (Highest),0.887366184290683,Middle (5th-95th pct)
15795954,Ndukaku,746,France,Male,35,2,172274.01,1,1,0,22374.97,0,Inactive Disengaged,Q4 (Highest),7.699407418199891,Top 5% (extreme high)
15633930,Yobachukwu,648,Spain,Female,56,6,157559.59,2,1,0,140991.23,1,Inactive High-Balance,Q4 (Highest),1.1175134084581004,Middle (5th-95th pct)
15639077,Marchesi,622,France,Female,30,2,158584.82,3,1,0,142342.55,1,Inactive High-Balance,Q4 (Highest),1.1141069202427525,Middle (5th-95th pct)
15783958,Bates,539,Spain,Female,37,1,130922.81,2,0,0,2186.83,0,Inactive High-Balance,Q4 (Highest),59.86876437583168,Top 5% (extreme high)
15631333,Wade,677,Spain,Female,25,8,130866.19,1,1,0,42410.21,0,Inactive Disengaged,Q4 (Highest),3.0857236971946143,Middle (5th-95th pct)
15762216,Barrera,686,France,Female,41,4,129553.76,2,1,0,187599.8,0,Inactive High-Balance,Q4 (Highest),0.6905858108590734,Middle (5th-95th pct)
15586264,Murray,572,France,Male,43,2,140431.98,1,1,0,26450.57,1,Inactive Disengaged,Q4 (Highest),5.309223203885588,Middle (5th-95th pct)
15703588,Palerma,665,Germany,Male,25,5,153611.83,2,1,0,35321.65,0,Inactive High-Balance,Q4 (Highest),4.348942645657832,Middle (5th-95th pct)
15778320,Teng,848,Germany,Female,40,5,148495.64,1,0,0,158853.98,0,Inactive Disengaged,Q4 (Highest),0.9347933240325487,Middle (5th-95th pct)
15642787,Ijendu,572,France,Male,37,1,133043.66,1,0,0,111243.09,0,Inactive Disengaged,Q4 (Highest),1.1959723520804753,Middle (5th-95th pct)
15640161,Calabrese,618,Germany,Male,44,5,157955.83,2,0,0,139297.71,0,Inactive High-Balance,Q4 (Highest),1.133944197646896,Middle (5th-95th pct)
15589204,Farrar,591,France,Male,33,9,131765.72,1,1,0,118782.06,0,Inactive Disengaged,Q4 (Highest),1.1093065737368084,Middle (5th-95th pct)
15647266,Y?an,651,Spain,Female,45,10,135923.16,1,1,0,18732.84,0,Inactive Disengaged,Q4 (Highest),7.255875777511578,Top 5% (extreme high)
15611029,Hsiung,488,Germany,Female,33,4,140002.35,1,1,0,123613.81,0,Inactive Disengaged,Q4 (Highest),1.1325785525096266,Middle (5th-95th pct)
15664639,McGregor,645,France,Male,19,9,128514.84,1,0,0,175969.19,0,Inactive Disengaged,Q4 (Highest),0.7303258030567737,Middle (5th-95th pct)
15639415,Thompson,850,France,Male,35,3,162442.35,1,1,0,183566.78,0,Inactive Disengaged,Q4 (Highest),0.8849223699407922,Middle (5th-95th pct)
15695492,P'eng,439,France,Female,29,6,156569.43,1,1,0,180598.66,0,Inactive Disengaged,Q4 (Highest),0.8669467979441264,Middle (5th-95th pct)
15654390,He,640,France,Male,33,7,154575.76,1,1,0,25722.28,1,Inactive Disengaged,Q4 (Highest),6.009411296354756,Middle (5th-95th pct)
15647975,Vida,651,Germany,Male,26,5,147037.32,1,0,0,141763.26,0,Inactive Disengaged,Q4 (Highest),1.037203292305778,Middle (5th-95th pct)
15641250,Calabresi,794,Spain,Male,38,9,179581.31,1,1,0,23596.24,0,Inactive Disengaged,Q4 (Highest),7.610590077063125,Top 5% (extreme high)
15775203,Chia,824,France,Male,45,3,129209.48,1,0,0,60151.77,0,Inactive Disengaged,Q4 (Highest),2.148057821074924,Middle (5th-95th pct)
15787907,Wang,719,Germany,Female,42,5,137227.04,3,1,0,149097.38,1,Inactive High-Balance,Q4 (Highest),0.9203853213248953,Middle (5th-95th pct)
15669342,Ferri,731,Germany,Male,35,2,127862.93,2,1,0,139083.7,0,Inactive High-Balance,Q4 (Highest),0.9193236159233611,Middle (5th-95th pct)
15614934,McEwan,625,Germany,Female,37,4,142711.81,1,1,0,35625.41,0,Inactive Disengaged,Q4 (Highest),4.00589944087661,Middle (5th-95th pct)
15682600,Lo,620,Germany,Male,39,9,159492.79,1,1,0,80582.34,1,Inactive Disengaged,Q4 (Highest),1.9792524019530833,Middle (5th-95th pct)
15726186,Genovese,639,Spain,Male,29,4,133434.57,2,1,0,97983.44,0,Inactive High-Balance,Q4 (Highest),1.3618073625502432,Middle (5th-95th pct)
15774151,Iadanza,614,Spain,Female,41,7,179915.85,1,0,0,14666.35,1,Inactive Disengaged,Q4 (Highest),12.267254633906868,Top 5% (extreme high)
15642468,Clark,697,France,Male,42,9,132739.26,2,0,0,174667.65,0,Inactive High-Balance,Q4 (Highest),0.7599533170567074,Middle (5th-95th pct)
15599251,Chung,602,Germany,Male,32,7,184715.86,2,1,0,113781.99,0,Inactive High-Balance,Q4 (Highest),1.6234191368950392,Middle (5th-95th pct)
15657342,Dawson,850,Germany,Male,28,4,147972.19,1,1,0,60708.72,1,Inactive Disengaged,Q4 (Highest),2.4374124507978427,Middle (5th-95th pct)
15672374,Pai,672,France,Male,52,8,170008.84,1,0,0,56407.42,1,Inactive Disengaged,Q4 (Highest),3.0139446193426327,Middle (5th-95th pct)
15809286,Burke,631,Germany,Male,37,8,138292.64,2,0,0,152422.91,1,Inactive High-Balance,Q4 (Highest),0.9072956289838582,Middle (5th-95th pct)
15735522,Boulger,654,Germany,Male,37,2,145610.07,2,0,0,186300.59,0,Inactive High-Balance,Q4 (Highest),0.7815867357156518,Middle (5th-95th pct)
15613326,Gow,596,France,Female,33,1,138162.81,1,1,0,85412.54,0,Inactive Disengaged,Q4 (Highest),1.6175939739059395,Middle (5th-95th pct)
15759038,Whitehead,793,France,Female,41,3,141806.46,1,1,0,102921.17,0,Inactive Disengaged,Q4 (Highest),1.3778162451903724,Middle (5th-95th pct)
15728006,Endrizzi,524,France,Male,40,2,180516.9,1,1,0,180002.42,0,Inactive Disengaged,Q4 (Highest),1.0028581837955288,Middle (5th-95th pct)
15769064,Marshall,537,Germany,Male,39,3,135309.36,1,1,0,31728.86,1,Inactive Disengaged,Q4 (Highest),4.264551578594377,Middle (5th-95th pct)
15661734,Taylor,608,Germany,Male,42,8,131390.75,2,1,0,71178.09,0,Inactive High-Balance,Q4 (Highest),1.8459437447675262,Middle (5th-95th pct)
15578825,Golubev,734,France,Female,29,0,139994.66,1,1,0,17744.72,0,Inactive Disengaged,Q4 (Highest),7.889369908344566,Top 5% (extreme high)
15636089,Hs?,678,Germany,Female,51,1,145751.03,1,0,0,109718.44,1,Inactive Disengaged,Q4 (Highest),1.328409609177819,Middle (5th-95th pct)
15726403,Glenny,660,Germany,Male,41,1,129901.21,1,1,0,26025.6,1,Inactive Disengaged,Q4 (Highest),4.991285887741301,Middle (5th-95th pct)
15719809,Endrizzi,516,Germany,Male,32,3,145166.09,2,0,0,111421.45,0,Inactive High-Balance,Q4 (Highest),1.3028558684167186,Middle (5th-95th pct)
15595537,Trout,626,Germany,Male,49,9,171787.84,2,1,0,187192.23,0,Inactive High-Balance,Q4 (Highest),0.9177081762421442,Middle (5th-95th pct)
15679249,Chou,351,Germany,Female,57,4,163146.46,1,1,0,169621.69,1,Inactive Disengaged,Q4 (Highest),0.9618254599397046,Middle (5th-95th pct)
15760294,Endrizzi,512,France,Female,41,8,145150.28,1,1,0,64869.32,1,Inactive Disengaged,Q4 (Highest),2.237579798894146,Middle (5th-95th pct)
15633141,Robinson,696,Germany,Female,35,4,174902.26,1,1,0,69079.85,0,Inactive Disengaged,Q4 (Highest),2.531885347174321,Middle (5th-95th pct)
15720284,Crawford,607,Germany,Female,37,4,135927.06,1,0,0,180890.4,0,Inactive Disengaged,Q4 (Highest),0.7514332435552136,Middle (5th-95th pct)
15578809,Hao,651,Germany,Male,40,1,134760.21,2,0,0,174434.06,1,Inactive High-Balance,Q4 (Highest),0.77255674723159,Middle (5th-95th pct)
15739357,Moss,756,Spain,Male,30,2,145127.85,1,0,0,7554.68,0,Inactive Disengaged,Q4 (Highest),19.21032393165561,Top 5% (extreme high)
15771540,Fedorova,755,France,Male,38,9,148912.44,1,1,0,80416.16,0,Inactive Disengaged,Q4 (Highest),1.851772579043814,Middle (5th-95th pct)
15611905,Warlow-Davies,513,Spain,Female,31,5,174853.46,1,1,0,84238.63,0,Inactive Disengaged,Q4 (Highest),2.0756921141761207,Middle (5th-95th pct)
15724145,William,616,Germany,Male,29,8,149318.55,1,1,0,140746.13,0,Inactive Disengaged,Q4 (Highest),1.0609069677439797,Middle (5th-95th pct)
15597896,Ozoemena,365,Germany,Male,30,0,127760.07,1,1,0,81537.85,1,Inactive Disengaged,Q4 (Highest),1.5668805346228776,Middle (5th-95th pct)
15755223,Tseng,692,Germany,Male,53,7,150926.99,2,0,0,119817.19,0,Inactive High-Balance,Q4 (Highest),1.2596438791462226,Middle (5th-95th pct)
15737310,Thompson,633,France,Male,29,10,130206.28,1,1,0,184654.87,0,Inactive Disengaged,Q4 (Highest),0.7051332033647421,Middle (5th-95th pct)
15763665,Y?,833,France,Female,28,4,136674.51,2,0,0,5278.78,0,Inactive High-Balance,Q4 (Highest),25.891306324567424,Top 5% (extreme high)
15683521,Godfrey,594,Germany,Male,28,0,142574.71,2,1,0,129084.82,0,Inactive High-Balance,Q4 (Highest),1.104504077241615,Middle (5th-95th pct)
15685300,Meng,603,France,Male,35,6,128993.76,2,1,0,130483.56,0,Inactive High-Balance,Q4 (Highest),0.9885824696996312,Middle (5th-95th pct)
15600724,Scott,567,Germany,Male,29,5,129750.68,1,1,0,109257.59,0,Inactive Disengaged,Q4 (Highest),1.18756674021457,Middle (5th-95th pct)
15600879,Parsons,554,Germany,Female,36,3,157780.93,2,1,0,6089.13,0,Inactive High-Balance,Q4 (Highest),25.911900386426304,Top 5% (extreme high)
15759874,Chamberlain,532,France,Male,44,3,148595.55,1,1,0,74838.64,1,Inactive Disengaged,Q4 (Highest),1.9855458356806055,Middle (5th-95th pct)
15815490,Cocci,670,Germany,Male,40,2,164948.98,3,0,0,177028.0,1,Inactive High-Balance,Q4 (Highest),0.9317677429559167,Middle (5th-95th pct)
15679410,Caldwell,729,France,Female,62,4,140549.4,1,1,0,30990.16,1,Inactive Disengaged,Q4 (Highest),4.5352912021106055,Middle (5th-95th pct)
15688409,Donaldson,742,France,Female,28,2,191864.51,1,1,0,108457.99,1,Inactive Disengaged,Q4 (Highest),1.7690214432334583,Middle (5th-95th pct)
15635660,Rossi,612,Germany,Male,30,9,142910.15,1,1,0,105890.55,1,Inactive Disengaged,Q4 (Highest),1.3496024904960828,Middle (5th-95th pct)
15630920,Du Cane,724,France,Male,34,2,154485.74,2,0,0,78560.64,0,Inactive High-Balance,Q4 (Highest),1.9664521572125684,Middle (5th-95th pct)
15732102,Darling,656,Germany,Female,27,3,150905.03,2,1,0,16998.72,0,Inactive High-Balance,Q4 (Highest),8.877434889215188,Top 5% (extreme high)
15639946,Sazonova,597,Germany,Female,39,8,162532.14,3,1,0,36051.46,1,Inactive High-Balance,Q4 (Highest),4.508337249032356,Middle (5th-95th pct)
15780212,Mao,592,France,Male,37,4,212692.97,1,0,0,176395.02,0,Inactive Disengaged,Q4 (Highest),1.2057765009465689,Middle (5th-95th pct)
15809178,Pan,569,Germany,Female,42,9,146100.75,1,1,0,32574.01,1,Inactive Disengaged,Q4 (Highest),4.485193870819098,Middle (5th-95th pct)
15730339,Bell,670,Spain,Male,30,3,133446.34,1,0,0,3154.95,0,Inactive Disengaged,Q4 (Highest),42.297450038827876,Top 5% (extreme high)
15641480,Sinnett,571,France,Male,32,5,131354.25,1,1,0,125256.53,0,Inactive Disengaged,Q4 (Highest),1.048681853153684,Middle (5th-95th pct)
15791131,Chimaijem,551,Germany,Female,30,2,143340.44,1,1,0,145796.49,0,Inactive Disengaged,Q4 (Highest),0.9831542583775509,Middle (5th-95th pct)
15662098,Palmer,650,Spain,Male,41,3,128808.65,3,0,0,113677.53,1,Inactive High-Balance,Q4 (Highest),1.1331056366196557,Middle (5th-95th pct)
15723894,Younger,625,France,Male,45,7,137555.44,1,0,0,124607.7,0,Inactive Disengaged,Q4 (Highest),1.103908024945489,Middle (5th-95th pct)
15658889,Watson,689,France,Male,22,4,136444.25,1,1,0,51980.25,1,Inactive Disengaged,Q4 (Highest),2.624924851265625,Middle (5th-95th pct)
15753332,Loftus,401,Germany,Male,48,8,128140.17,1,1,0,175753.55,1,Inactive Disengaged,Q4 (Highest),0.7290900809684926,Middle (5th-95th pct)
15626787,Wei,698,Spain,Female,31,8,185078.26,1,0,0,115337.74,1,Inactive Disengaged,Q4 (Highest),1.6046634865569587,Middle (5th-95th pct)
15730433,Nakayama,580,Germany,Female,38,1,128218.47,1,1,0,125953.83,1,Inactive Disengaged,Q4 (Highest),1.0179799216903527,Middle (5th-95th pct)
15659475,Chung,597,France,Female,33,6,135703.59,2,0,0,74850.84,0,Inactive High-Balance,Q4 (Highest),1.8129868682836425,Middle (5th-95th pct)
15771417,Thomas,640,France,Male,43,7,132412.38,1,0,0,69584.3,1,Inactive Disengaged,Q4 (Highest),1.902905971605664,Middle (5th-95th pct)
15747503,Hayward,705,Spain,Male,44,0,184552.12,1,1,0,68860.3,1,Inactive Disengaged,Q4 (Highest),2.6800946263667162,Middle (5th-95th pct)
15624793,Soubeiran,627,Germany,Male,23,5,184244.86,1,1,0,103099.22,0,Inactive Disengaged,Q4 (Highest),1.7870635684731657,Middle (5th-95th pct)
15576044,Macdonald,579,Germany,Male,28,6,150329.15,1,1,0,145558.42,0,Inactive Disengaged,Q4 (Highest),1.0327753626344665,Middle (5th-95th pct)
15646817,Chiekwugo,769,France,Male,51,9,156773.78,2,1,0,40257.79,0,Inactive High-Balance,Q4 (Highest),3.894247051316031,Middle (5th-95th pct)
15780128,Ogbonnaya,705,France,Male,33,3,144427.96,2,1,0,113845.19,0,Inactive High-Balance,Q4 (Highest),1.2686347135087568,Middle (5th-95th pct)
15738672,Paterson,737,Germany,Female,40,2,162485.8,2,1,0,149381.32,0,Inactive High-Balance,Q4 (Highest),1.0877250247889092,Middle (5th-95th pct)
15628813,King,693,France,Female,43,4,152341.55,1,1,0,9241.78,0,Inactive Disengaged,Q4 (Highest),16.4840052457427,Top 5% (extreme high)
15716449,Fraser,527,Spain,Male,33,9,132168.28,1,0,0,98734.15,0,Inactive Disengaged,Q4 (Highest),1.3386278202627966,Middle (5th-95th pct)
15646196,Yeh,850,Spain,Female,36,2,155180.56,2,0,0,169415.54,0,Inactive High-Balance,Q4 (Highest),0.9159759488415289,Middle (5th-95th pct)
15674950,Ebelechukwu,544,Germany,Male,39,4,142406.43,2,1,0,146637.45,0,Inactive High-Balance,Q4 (Highest),0.9711463885930912,Middle (5th-95th pct)
15646609,Chao,748,France,Male,33,1,142645.43,1,0,0,69132.66,0,Inactive Disengaged,Q4 (Highest),2.063358042349303,Middle (5th-95th pct)
15705890,Nebechukwu,674,France,Male,45,7,142072.02,1,1,0,37013.29,0,Inactive Disengaged,Q4 (Highest),3.8384056105253,Middle (5th-95th pct)
15752375,Ojiofor,645,Germany,Male,33,8,149564.61,1,0,0,149913.84,0,Inactive Disengaged,Q4 (Highest),0.997670461913323,Middle (5th-95th pct)
15641640,Uspenskaya,545,Spain,Female,33,7,173331.52,1,1,0,150452.88,0,Inactive Disengaged,Q4 (Highest),1.1520651515610734,Middle (5th-95th pct)
15667751,Herrera,487,Spain,Female,36,1,140137.15,1,1,0,194073.33,0,Inactive Disengaged,Q4 (Highest),0.7220835031789273,Middle (5th-95th pct)
15689616,Ward,586,Spain,Male,34,5,168094.01,1,0,0,20058.61,0,Inactive Disengaged,Q4 (Highest),8.380142492425946,Top 5% (extreme high)
15774224,Nixon,613,Germany,Female,30,5,131563.88,2,1,0,170638.98,0,Inactive High-Balance,Q4 (Highest),0.7710071872206455,Middle (5th-95th pct)
15664150,Holland,528,Germany,Female,29,9,170214.23,2,1,0,49284.0,0,Inactive High-Balance,Q4 (Highest),3.4537421881340804,Middle (5th-95th pct)
15624510,Tien,696,France,Male,52,6,139781.06,1,1,0,27445.4,1,Inactive Disengaged,Q4 (Highest),5.093059674845329,Middle (5th-95th pct)
15746139,Enemuo,596,France,Male,33,2,139451.67,1,0,0,63142.12,0,Inactive Disengaged,Q4 (Highest),2.2085363937732847,Middle (5th-95th pct)
15617482,Milanesi,489,Germany,Female,52,1,131441.51,1,1,0,37240.11,1,Inactive Disengaged,Q4 (Highest),3.529568253154999,Middle (5th-95th pct)
15792818,Perry,499,Germany,Female,29,6,148051.52,1,1,0,118623.94,0,Inactive Disengaged,Q4 (Highest),1.2480745454922504,Middle (5th-95th pct)
15694395,Ts'ui,620,France,Female,29,1,138740.24,2,0,0,154700.61,0,Inactive High-Balance,Q4 (Highest),0.8968305942685035,Middle (5th-95th pct)
15654901,Horton,733,France,Male,51,10,141556.96,1,1,0,130189.53,0,Inactive Disengaged,Q4 (Highest),1.087314471447896,Middle (5th-95th pct)
15673619,Bazhenov,530,France,Male,25,9,162560.32,1,1,0,64129.03,0,Inactive Disengaged,Q4 (Highest),2.5348944152125803,Middle (5th-95th pct)
15654574,Onyekachi,499,Germany,Male,36,5,131142.53,2,1,0,174918.46,0,Inactive High-Balance,Q4 (Highest),0.749735219484553,Middle (5th-95th pct)
15592877,Wright,641,Spain,Male,42,9,132657.55,1,1,0,35367.19,0,Inactive Disengaged,Q4 (Highest),3.7508648552514345,Middle (5th-95th pct)
15655123,Dumetolisa,505,Spain,Female,45,9,131355.3,3,1,0,195395.33,1,Inactive High-Balance,Q4 (Highest),0.6722540400530554,Middle (5th-95th pct)
15631912,T'ao,840,France,Male,30,8,136291.71,1,1,0,54113.38,0,Inactive Disengaged,Q4 (Highest),2.518632360425462,Middle (5th-95th pct)
15699284,Johnson,584,France,Male,49,8,172713.44,1,1,0,113860.81,0,Inactive Disengaged,Q4 (Highest),1.5168822354241114,Middle (5th-95th pct)
15766289,Dickinson,751,France,Male,47,5,142669.93,2,1,0,162760.96,0,Inactive High-Balance,Q4 (Highest),0.8765611237485943,Middle (5th-95th pct)
15679297,Volkova,628,Spain,Male,43,3,184926.61,1,1,0,122937.57,0,Inactive Disengaged,Q4 (Highest),1.504231863375858,Middle (5th-95th pct)
15701962,Scott,590,Spain,Female,29,2,166930.76,2,1,0,122487.73,0,Inactive High-Balance,Q4 (Highest),1.3628365877953654,Middle (5th-95th pct)
15792102,Yefremova,774,France,Female,42,3,137781.65,1,0,0,199316.19,0,Inactive Disengaged,Q4 (Highest),0.6912717426517133,Middle (5th-95th pct)
15622833,Mahon,835,Germany,Female,29,10,130420.2,2,0,0,106276.55,0,Inactive High-Balance,Q4 (Highest),1.2271775852716333,Middle (5th-95th pct)
15679651,Gardiner,783,Spain,Female,37,1,136689.66,1,1,0,197890.65,0,Inactive Disengaged,Q4 (Highest),0.6907332913404449,Middle (5th-95th pct)
15579781,Buccho,806,Germany,Male,31,10,138653.51,1,1,0,190803.37,0,Inactive Disengaged,Q4 (Highest),0.7266827100590519,Middle (5th-95th pct)
15673367,Humffray,587,Germany,Male,33,6,132603.36,1,1,0,55775.72,0,Inactive Disengaged,Q4 (Highest),2.3774387851918357,Middle (5th-95th pct)
15774727,Monaldo,757,Germany,Female,34,1,129398.01,2,0,0,44965.44,0,Inactive High-Balance,Q4 (Highest),2.877721423386494,Middle (5th-95th pct)
15603319,Graham,693,France,Male,29,2,151352.74,1,0,0,197145.89,0,Inactive Disengaged,Q4 (Highest),0.7677194792140987,Middle (5th-95th pct)
15759066,Carpenter,483,France,Female,44,5,136836.49,1,1,0,192359.9,1,Inactive Disengaged,Q4 (Highest),0.7113566289023856,Middle (5th-95th pct)
15738448,Sanford,480,Germany,Female,25,3,174330.35,2,0,0,181647.13,0,Inactive High-Balance,Q4 (Highest),0.9597198150061605,Middle (5th-95th pct)
15680243,Brown,792,France,Male,19,7,143390.51,1,1,0,33282.84,0,Inactive Disengaged,Q4 (Highest),4.308241424109242,Middle (5th-95th pct)
15708228,Toscani,476,Germany,Male,30,3,134366.42,1,1,0,68343.53,0,Inactive Disengaged,Q4 (Highest),1.9660444814600595,Middle (5th-95th pct)
15809347,Fanucci,763,Germany,Male,32,9,160680.41,1,1,0,30886.35,0,Inactive Disengaged,Q4 (Highest),5.202311377032249,Middle (5th-95th pct)
15654230,Miller,526,Germany,Male,31,5,145537.21,1,1,0,132404.64,0,Inactive Disengaged,Q4 (Highest),1.0991851191921973,Middle (5th-95th pct)
15735878,Law,850,Germany,Female,47,10,134381.52,1,0,0,26812.89,1,Inactive Disengaged,Q4 (Highest),5.011825282541345,Middle (5th-95th pct)
15657163,Cockrum,623,Germany,Male,42,1,149332.48,2,1,0,100834.22,0,Inactive High-Balance,Q4 (Highest),1.4809702499806119,Middle (5th-95th pct)
15663161,Chiu,680,Germany,Female,51,5,143139.87,1,0,0,47795.43,1,Inactive Disengaged,Q4 (Highest),2.994844276952838,Middle (5th-95th pct)
15575002,Ferguson,676,France,Male,29,4,140720.93,1,1,0,36221.18,0,Inactive Disengaged,Q4 (Highest),3.8850454347428767,Middle (5th-95th pct)
15795224,Wu,760,France,Male,39,6,178585.46,1,1,0,67131.3,1,Inactive Disengaged,Q4 (Highest),2.660241347925632,Middle (5th-95th pct)
15691808,King,656,France,Male,43,7,134919.85,1,1,0,194691.95,0,Inactive Disengaged,Q4 (Highest),0.6929914154129125,Middle (5th-95th pct)
15660541,Olisanugo,694,France,Male,34,5,127900.03,1,1,0,101737.8,0,Inactive Disengaged,Q4 (Highest),1.2571534867079885,Middle (5th-95th pct)
15722061,Allen,619,Germany,Female,41,8,142015.76,2,1,0,114323.66,0,Inactive High-Balance,Q4 (Highest),1.2422254500949323,Middle (5th-95th pct)
15724161,Sutton,644,France,Female,40,9,137285.26,4,1,0,77063.63,1,Inactive High-Balance,Q4 (Highest),1.7814533262967238,Middle (5th-95th pct)
15569641,Sung,692,Germany,Female,41,8,130701.29,1,1,0,59354.24,1,Inactive Disengaged,Q4 (Highest),2.20205481529205,Middle (5th-95th pct)
15811177,Beneventi,643,France,Female,31,3,167949.48,1,1,0,143162.34,0,Inactive Disengaged,Q4 (Highest),1.1731400869809756,Middle (5th-95th pct)
15680587,Esposito,834,France,Male,23,4,131254.81,1,1,0,20199.3,0,Inactive Disengaged,Q4 (Highest),6.49798804909081,Middle (5th-95th pct)
15692819,Toscani,665,Germany,Male,32,1,132178.67,1,0,0,11865.76,0,Inactive Disengaged,Q4 (Highest),11.139503074392202,Top 5% (extreme high)
15764604,Sutherland,586,France,Female,35,7,164769.02,3,1,0,119814.25,1,Inactive High-Balance,Q4 (Highest),1.375203867653472,Middle (5th-95th pct)
15663249,Howells,575,Spain,Female,37,9,133292.45,1,1,0,111175.09,0,Inactive Disengaged,Q4 (Highest),1.1989416873869858,Middle (5th-95th pct)
15705298,L?,697,Germany,Male,29,0,172693.54,1,0,0,141798.98,0,Inactive Disengaged,Q4 (Highest),1.217875756228994,Middle (5th-95th pct)
15675791,Williams,610,France,Male,36,4,129440.3,2,1,0,102638.35,0,Inactive High-Balance,Q4 (Highest),1.2611299772453473,Middle (5th-95th pct)
15598070,Marchesi,564,France,Female,33,4,135946.26,1,1,0,63170.0,0,Inactive Disengaged,Q4 (Highest),2.1520699699224317,Middle (5th-95th pct)
15717893,Briggs,607,Germany,Male,36,8,143421.74,1,1,0,97879.02,0,Inactive Disengaged,Q4 (Highest),1.4652960358614133,Middle (5th-95th pct)
15674331,Bidwill,576,Germany,Male,30,7,132174.41,2,0,0,93767.03,0,Inactive High-Balance,Q4 (Highest),1.4096043140110122,Middle (5th-95th pct)
15713463,Tate,645,Germany,Female,41,2,138881.04,1,1,0,129936.53,1,Inactive Disengaged,Q4 (Highest),1.0688375316779661,Middle (5th-95th pct)
15639576,Burns,691,France,Male,26,9,136623.19,1,1,0,153228.0,0,Inactive Disengaged,Q4 (Highest),0.8916333176703997,Middle (5th-95th pct)
15800515,Singh,516,France,Male,35,5,128653.59,1,1,0,127558.26,0,Inactive Disengaged,Q4 (Highest),1.0085868998213052,Middle (5th-95th pct)
15699619,Rivas,641,France,Male,31,10,155978.17,1,1,0,91510.71,0,Inactive Disengaged,Q4 (Highest),1.7044799455713981,Middle (5th-95th pct)
15654456,Napolitano,511,Germany,Male,48,6,149726.08,1,0,0,88307.87,1,Inactive Disengaged,Q4 (Highest),1.695500978565104,Middle (5th-95th pct)
15574372,Hoolan,738,France,Male,35,5,161274.05,2,1,0,181429.87,0,Inactive High-Balance,Q4 (Highest),0.8889057242889498,Middle (5th-95th pct)
15757632,Hughes-Jones,496,France,Female,41,1,176024.05,2,1,0,182337.98,0,Inactive High-Balance,Q4 (Highest),0.9653723815521044,Middle (5th-95th pct)
15594041,Fanucci,592,Spain,Female,41,2,138734.94,1,1,0,90020.74,0,Inactive Disengaged,Q4 (Highest),1.541144185217762,Middle (5th-95th pct)
15801904,Heard,677,Germany,Male,28,0,143988.0,2,1,0,8755.69,1,Inactive High-Balance,Q4 (Highest),16.445077429648606,Top 5% (extreme high)
15574122,Tien,817,France,Male,34,5,129278.43,1,0,0,165562.84,0,Inactive Disengaged,Q4 (Highest),0.7808420657678982,Middle (5th-95th pct)
15654292,Vessels,565,Germany,Male,33,8,130368.31,2,1,0,105642.43,0,Inactive High-Balance,Q4 (Highest),1.2340525487723069,Middle (5th-95th pct)
15694510,Ifeanyichukwu,725,France,Male,45,1,129855.32,1,0,0,24218.65,0,Inactive Disengaged,Q4 (Highest),5.361790190617561,Middle (5th-95th pct)
15572291,Kao,825,France,Male,40,6,132308.22,1,0,0,117122.5,0,Inactive Disengaged,Q4 (Highest),1.1296567269312046,Middle (5th-95th pct)
15603465,Dunn,665,Germany,Female,45,5,155447.65,2,1,0,51871.95,1,Inactive High-Balance,Q4 (Highest),2.996757399712176,Middle (5th-95th pct)
15792729,Holland,474,Germany,Female,34,9,176311.36,1,1,0,160213.27,0,Inactive Disengaged,Q4 (Highest),1.100479130099523,Middle (5th-95th pct)
15652192,Traeger,759,France,Female,33,9,160541.36,2,0,0,93541.14,0,Inactive High-Balance,Q4 (Highest),1.71626473656404,Middle (5th-95th pct)
15681924,Ekwueme,747,Germany,Male,38,2,129728.6,1,1,0,89289.54,0,Inactive Disengaged,Q4 (Highest),1.4528980662236586,Middle (5th-95th pct)
15578251,Fang,644,France,Male,37,2,186347.97,2,1,0,92809.73,0,Inactive High-Balance,Q4 (Highest),2.0078495002625263,Middle (5th-95th pct)
15691624,Chidiebere,820,France,Male,33,2,132150.26,2,1,0,23067.97,0,Inactive High-Balance,Q4 (Highest),5.728733824432752,Middle (5th-95th pct)
15633352,Okwukwe,628,France,Female,31,6,175443.75,1,1,0,113167.17,1,Inactive Disengaged,Q4 (Highest),1.5503060649126421,Middle (5th-95th pct)
15797760,Bogdanov,632,France,Male,40,3,193354.86,2,1,0,149188.41,0,Inactive High-Balance,Q4 (Highest),1.2960447798860513,Middle (5th-95th pct)
15593736,Cook,598,Germany,Female,46,7,131769.04,1,0,0,184980.23,1,Inactive Disengaged,Q4 (Highest),0.7123412053277262,Middle (5th-95th pct)
15595937,Bruno,430,Germany,Male,36,1,138992.48,2,0,0,122373.42,0,Inactive High-Balance,Q4 (Highest),1.1358061252190224,Middle (5th-95th pct)
15661936,Chikelu,513,France,Male,40,3,141004.46,1,1,0,105028.46,0,Inactive Disengaged,Q4 (Highest),1.3425357279350758,Middle (5th-95th pct)
15713370,Hunter,657,Spain,Male,36,8,188241.05,2,0,0,183058.51,1,Inactive High-Balance,Q4 (Highest),1.0283108389771116,Middle (5th-95th pct)
15791216,Mann,600,Germany,Male,43,8,133379.41,1,1,0,177378.66,1,Inactive Disengaged,Q4 (Highest),0.7519473312065837,Middle (5th-95th pct)
15689031,Murphy,697,Spain,Female,37,7,168066.87,1,1,0,35450.53,0,Inactive Disengaged,Q4 (Highest),4.740884550950296,Middle (5th-95th pct)
15736990,Chuang,537,France,Male,28,3,157842.07,1,1,0,86911.49,0,Inactive Disengaged,Q4 (Highest),1.8161243122169461,Middle (5th-95th pct)
15787161,Pisani,591,Germany,Male,46,4,129269.27,1,1,0,163504.33,0,Inactive Disengaged,Q4 (Highest),0.7906167989557219,Middle (5th-95th pct)
15588944,Maughan,456,France,Female,63,1,165350.61,2,0,0,140758.07,1,Inactive High-Balance,Q4 (Highest),1.1747149559524366,Middle (5th-95th pct)
15782630,Genovese,543,France,Male,35,5,137482.19,1,0,0,62389.35,0,Inactive Disengaged,Q4 (Highest),2.2036163223370657,Middle (5th-95th pct)
15801395,Warren,790,France,Female,33,10,135120.72,1,0,0,195204.99,0,Inactive Disengaged,Q4 (Highest),0.692199108229764,Middle (5th-95th pct)
15690130,Wyatt,468,France,Female,32,8,137649.47,1,0,0,198714.29,0,Inactive Disengaged,Q4 (Highest),0.6927004092156633,Middle (5th-95th pct)
15648455,Kung,647,Germany,Male,51,4,131156.76,1,1,0,29883.63,0,Inactive Disengaged,Q4 (Highest),4.3889166075205726,Middle (5th-95th pct)
15580629,Blackwood,604,France,Male,31,6,134837.58,1,1,0,192029.19,0,Inactive Disengaged,Q4 (Highest),0.7021723103659396,Middle (5th-95th pct)
15651823,Nkemjika,590,France,Female,60,6,147751.75,1,1,0,88206.04,1,Inactive Disengaged,Q4 (Highest),1.6750751989319554,Middle (5th-95th pct)
15727353,Ch'ang,650,France,Female,64,7,142028.36,1,1,0,32275.09,1,Inactive Disengaged,Q4 (Highest),4.4005565902372386,Middle (5th-95th pct)
15706005,Roberts,674,France,Male,46,2,174701.05,1,1,0,90189.72,1,Inactive Disengaged,Q4 (Highest),1.9370394985149082,Middle (5th-95th pct)
15670943,See,778,Germany,Male,31,9,182275.23,2,1,0,190631.23,0,Inactive High-Balance,Q4 (Highest),0.9561666784608167,Middle (5th-95th pct)
15571958,McIntosh,489,Spain,Male,40,3,221532.8,1,1,0,171867.08,0,Inactive Disengaged,Q4 (Highest),1.2889775051743475,Middle (5th-95th pct)
15578369,Chiedozie,652,Germany,Female,37,9,145219.3,1,1,0,159132.83,0,Inactive Disengaged,Q4 (Highest),0.9125665646743039,Middle (5th-95th pct)
15707199,Cooper,643,France,Male,36,0,148159.71,1,0,0,55835.66,0,Inactive Disengaged,Q4 (Highest),2.653496170726736,Middle (5th-95th pct)
15632079,Hardy,720,Germany,Female,37,8,156282.79,1,1,0,45985.52,0,Inactive Disengaged,Q4 (Highest),3.398521752064563,Middle (5th-95th pct)
15788683,Kang,588,Germany,Female,34,10,129417.82,1,1,0,153727.32,0,Inactive Disengaged,Q4 (Highest),0.8418661042162187,Middle (5th-95th pct)
15711716,Ferguson,580,France,Female,56,1,131368.3,1,1,0,106918.67,1,Inactive Disengaged,Q4 (Highest),1.2286750293470727,Middle (5th-95th pct)
15639357,Allan,415,France,Male,46,9,134950.19,3,0,0,178587.36,1,Inactive High-Balance,Q4 (Highest),0.7556536476041754,Middle (5th-95th pct)
15573319,Azubuike,493,Germany,Female,35,8,178317.6,1,0,0,197428.64,0,Inactive Disengaged,Q4 (Highest),0.9032002651692277,Middle (5th-95th pct)
15782456,Odili,656,France,Male,46,9,143267.14,2,0,0,193099.43,0,Inactive High-Balance,Q4 (Highest),0.7419345567203385,Middle (5th-95th pct)
15629846,Sheehan,827,Germany,Female,47,8,143001.5,2,1,0,108977.5,0,Inactive High-Balance,Q4 (Highest),1.3122112362643665,Middle (5th-95th pct)
15674442,Kung,681,France,Male,23,7,157761.56,1,0,0,147759.84,0,Inactive Disengaged,Q4 (Highest),1.0676890283584497,Middle (5th-95th pct)
15698791,Udinesi,679,France,Male,45,3,146758.24,1,1,0,48466.89,0,Inactive Disengaged,Q4 (Highest),3.0280102560737854,Middle (5th-95th pct)
15632365,Booth,542,Germany,Male,33,8,142871.27,2,0,0,77737.86,0,Inactive High-Balance,Q4 (Highest),1.8378595706133407,Middle (5th-95th pct)
15807340,O'Donnell,525,Germany,Male,33,4,131023.76,2,0,0,55072.93,0,Inactive High-Balance,Q4 (Highest),2.3790955011836123,Middle (5th-95th pct)
15666270,Omeokachie,676,France,Female,40,2,147803.48,1,1,0,95181.06,1,Inactive Disengaged,Q4 (Highest),1.5528665051639476,Middle (5th-95th pct)
15727197,Pinto,576,France,Female,52,9,170228.59,2,0,0,148477.57,1,Inactive High-Balance,Q4 (Highest),1.1464936421036525,Middle (5th-95th pct)
15665327,Cattaneo,706,France,Male,18,2,176139.5,2,1,0,129654.22,0,Inactive High-Balance,Q4 (Highest),1.358532718796195,Middle (5th-95th pct)
15613216,Cameron,639,Spain,Female,39,1,141789.15,1,1,0,92455.96,0,Inactive Disengaged,Q4 (Highest),1.5335858283230197,Middle (5th-95th pct)
15699492,Lorenzo,665,Germany,Female,27,2,147435.96,1,0,0,187508.06,0,Inactive Disengaged,Q4 (Highest),0.7862913199571261,Middle (5th-95th pct)
15623536,Madukwe,646,Germany,Male,39,0,154439.86,1,1,0,171519.06,0,Inactive Disengaged,Q4 (Highest),0.9004238945805789,Middle (5th-95th pct)
15788775,Milne,473,Germany,Male,40,8,152576.25,2,1,0,73073.68,0,Inactive High-Balance,Q4 (Highest),2.0879781885899273,Middle (5th-95th pct)
15608344,Dawson,749,Germany,Female,29,7,137059.05,3,1,0,102975.72,1,Inactive High-Balance,Q4 (Highest),1.330984138785337,Middle (5th-95th pct)
15635396,Thompson,738,Germany,Female,29,9,139106.19,1,1,0,141872.05,1,Inactive Disengaged,Q4 (Highest),0.9805045461738237,Middle (5th-95th pct)
15678944,Brown,655,Germany,Female,32,6,130935.56,1,1,0,9241.83,1,Inactive Disengaged,Q4 (Highest),14.167709209106855,Top 5% (extreme high)
15793042,Sung,629,France,Male,39,2,129669.32,2,1,0,82774.07,0,Inactive High-Balance,Q4 (Highest),1.5665451753187924,Middle (5th-95th pct)
15765952,Milanesi,769,France,Male,29,4,145471.37,1,1,0,188382.77,0,Inactive Disengaged,Q4 (Highest),0.7722116518405585,Middle (5th-95th pct)
15663263,Collins,698,France,Male,47,5,156265.31,2,0,0,1055.66,0,Inactive High-Balance,Q4 (Highest),148.02617319970443,Top 5% (extreme high)
15652218,Morrison,750,France,Male,33,2,152302.72,1,1,0,71333.44,0,Inactive Disengaged,Q4 (Highest),2.1350816671676003,Middle (5th-95th pct)
15685290,Wall,595,Germany,Male,46,5,142360.62,2,1,0,48421.4,1,Inactive High-Balance,Q4 (Highest),2.9400351910518903,Middle (5th-95th pct)
15701042,Dalton,596,Germany,Female,27,2,151027.56,1,1,0,170320.58,0,Inactive Disengaged,Q4 (Highest),0.8867252565720479,Middle (5th-95th pct)
15680449,Hsing,431,Germany,Female,44,2,138843.7,1,1,0,37688.31,1,Inactive Disengaged,Q4 (Highest),3.6839990968021654,Middle (5th-95th pct)
15723169,Williams,640,France,Female,31,9,138857.59,1,1,0,48640.77,0,Inactive Disengaged,Q4 (Highest),2.8547572334895195,Middle (5th-95th pct)
15728224,Kerr,710,Germany,Female,41,9,149155.53,2,1,0,42131.26,1,Inactive High-Balance,Q4 (Highest),3.5402579937082344,Middle (5th-95th pct)
15707110,Endrizzi,660,Germany,Male,28,2,170890.05,2,1,0,41758.9,0,Inactive High-Balance,Q4 (Highest),4.0923024792319715,Middle (5th-95th pct)
15621409,Endrizzi,496,France,Male,32,4,127845.83,1,1,0,66469.2,0,Inactive Disengaged,Q4 (Highest),1.9233845149332323,Middle (5th-95th pct)
15655341,Chinagorom,458,Spain,Female,35,5,166492.48,1,1,0,135287.74,0,Inactive Disengaged,Q4 (Highest),1.2306546032922128,Middle (5th-95th pct)
15746802,Onio,477,France,Female,30,6,131286.46,1,1,0,194144.45,0,Inactive Disengaged,Q4 (Highest),0.6762308167964626,Middle (5th-95th pct)
15585823,Wilson,627,France,Male,31,8,128131.73,1,1,0,96131.47,0,Inactive Disengaged,Q4 (Highest),1.332880169209937,Middle (5th-95th pct)
15568915,Bailey,681,France,Male,38,6,153722.47,1,1,0,101319.76,0,Inactive Disengaged,Q4 (Highest),1.5172012843299274,Middle (5th-95th pct)
15577831,Byrne,560,Germany,Male,41,4,152532.3,1,0,0,10779.69,0,Inactive Disengaged,Q4 (Highest),14.149970917531022,Top 5% (extreme high)
15775293,Stephenson,680,France,Male,34,3,143292.95,1,1,0,66526.01,0,Inactive Disengaged,Q4 (Highest),2.153938737645622,Middle (5th-95th pct)
15580935,Okechukwu,687,Germany,Male,33,9,135962.4,2,1,0,121747.96,0,Inactive High-Balance,Q4 (Highest),1.1167530035000175,Middle (5th-95th pct)
15757541,Rickard,778,France,Female,33,9,151772.63,2,0,0,180249.94,1,Inactive High-Balance,Q4 (Highest),0.8420120972023625,Middle (5th-95th pct)
15735687,Chinweuba,595,Spain,Male,37,2,157084.99,1,1,0,134767.13,0,Inactive Disengaged,Q4 (Highest),1.165603140765853,Middle (5th-95th pct)
15678129,Hill,643,Spain,Female,45,9,150840.03,2,1,0,155516.35,0,Inactive High-Balance,Q4 (Highest),0.9699303642350144,Middle (5th-95th pct)
15732266,Field,553,Germany,Male,53,5,127997.83,1,1,0,165378.66,1,Inactive Disengaged,Q4 (Highest),0.7739682374981149,Middle (5th-95th pct)
15620268,Thomson,634,Germany,Male,43,3,212696.32,1,1,0,115268.86,0,Inactive Disengaged,Q4 (Highest),1.8452192552264333,Middle (5th-95th pct)
15614491,Lockyer,539,France,Male,39,3,139153.68,2,1,0,147662.33,0,Inactive High-Balance,Q4 (Highest),0.9423776531224992,Middle (5th-95th pct)
15658548,Ignatiev,646,Germany,Female,36,6,144773.29,2,1,0,53217.3,0,Inactive High-Balance,Q4 (Highest),2.7204177964684417,Middle (5th-95th pct)
15761102,T'ao,707,Spain,Female,32,4,132835.56,1,0,0,136877.24,0,Inactive Disengaged,Q4 (Highest),0.970472227522998,Middle (5th-95th pct)
15619972,Akabueze,807,France,Female,47,9,167664.83,1,0,0,125440.11,1,Inactive Disengaged,Q4 (Highest),1.336612587473018,Middle (5th-95th pct)
15796114,Phelps,594,France,Female,34,7,141525.55,1,0,0,9443.15,0,Inactive Disengaged,Q4 (Highest),14.987112351281088,Top 5% (extreme high)
15600911,Mbadiwe,712,France,Male,33,2,182888.08,1,1,0,3061.0,0,Inactive Disengaged,Q4 (Highest),59.747820973538055,Top 5% (extreme high)
15669281,Ch'iu,711,Spain,Male,38,3,128718.78,1,0,0,114793.45,0,Inactive Disengaged,Q4 (Highest),1.121307705274125,Middle (5th-95th pct)
15792180,Chiekwugo,566,Germany,Male,22,7,144954.75,2,1,0,102246.0,0,Inactive High-Balance,Q4 (Highest),1.4177058271228213,Middle (5th-95th pct)
15645496,Seleznyova,648,France,Female,43,7,139972.18,1,1,0,143668.58,0,Inactive Disengaged,Q4 (Highest),0.9742713403306416,Middle (5th-95th pct)
15653776,Salier,720,Germany,Female,57,1,162082.31,4,0,0,27145.73,1,Inactive High-Balance,Q4 (Highest),5.970821561991517,Middle (5th-95th pct)
15678034,Grosse,811,France,Male,46,9,180226.24,1,1,0,13464.64,1,Inactive Disengaged,Q4 (Highest),13.385151032630652,Top 5% (extreme high)
15758073,Dellucci,655,France,Female,20,7,134397.61,1,0,0,28029.54,0,Inactive Disengaged,Q4 (Highest),4.794856069703605,Middle (5th-95th pct)
15640034,Milligan,551,France,Male,42,2,139561.46,1,1,0,43435.43,1,Inactive Disengaged,Q4 (Highest),3.213078816072501,Middle (5th-95th pct)
15769272,Clark,510,France,Female,26,6,136214.08,1,0,0,159742.33,0,Inactive Disengaged,Q4 (Highest),0.8527112381545956,Middle (5th-95th pct)
15771966,Akobundu,557,France,Male,39,8,146200.01,1,1,0,177944.64,0,Inactive Disengaged,Q4 (Highest),0.8216038988305576,Middle (5th-95th pct)
15656613,McGregor,646,France,Female,34,3,131283.11,1,0,0,130500.65,0,Inactive Disengaged,Q4 (Highest),1.0059958322046672,Middle (5th-95th pct)
15609676,Nkemakonam,718,France,Female,35,2,167924.95,1,1,0,43024.64,0,Inactive Disengaged,Q4 (Highest),3.902994888510398,Middle (5th-95th pct)
15694601,Ankudinov,583,France,Female,31,4,158978.79,1,1,0,12538.92,0,Inactive Disengaged,Q4 (Highest),12.678826406101962,Top 5% (extreme high)
15669301,Romani,778,Germany,Female,29,6,150358.97,1,1,0,62454.01,1,Inactive Disengaged,Q4 (Highest),2.4075150658860816,Middle (5th-95th pct)
15788536,Armit,755,Germany,Male,40,2,137430.82,2,0,0,176768.59,0,Inactive High-Balance,Q4 (Highest),0.7774617651246752,Middle (5th-95th pct)
15741092,Ingram,671,Spain,Male,34,10,153360.02,1,1,0,140509.86,0,Inactive Disengaged,Q4 (Highest),1.0914537954845305,Middle (5th-95th pct)
15731669,Szabados,554,France,Male,39,2,129709.62,1,1,0,173197.12,0,Inactive Disengaged,Q4 (Highest),0.7489132613752468,Middle (5th-95th pct)
15621435,Davies,623,France,Female,39,1,160903.2,1,0,0,78774.36,0,Inactive Disengaged,Q4 (Highest),2.0425833989638256,Middle (5th-95th pct)
15566295,Sanders,761,France,Female,33,6,138053.79,2,1,0,148779.41,0,Inactive High-Balance,Q4 (Highest),0.9279092449687762,Middle (5th-95th pct)
15569098,Winifred,627,France,Male,44,6,153548.12,1,0,0,35300.08,1,Inactive Disengaged,Q4 (Highest),4.349795241257243,Middle (5th-95th pct)
15732268,Cook,751,France,Male,29,3,159597.45,1,1,0,39934.41,0,Inactive Disengaged,Q4 (Highest),3.996489493647208,Middle (5th-95th pct)
15654562,Ma,850,Spain,Female,45,5,174088.3,4,1,0,5669.31,1,Inactive High-Balance,Q4 (Highest),30.70714072788399,Top 5% (extreme high)
15737509,Morrison,850,Spain,Male,34,8,199229.14,1,0,0,68106.29,0,Inactive Disengaged,Q4 (Highest),2.9252678423681577,Middle (5th-95th pct)
15675842,Pinto,656,Spain,Male,26,4,139584.57,1,1,0,36308.93,0,Inactive Disengaged,Q4 (Highest),3.844359225127262,Middle (5th-95th pct)
15677785,Stevenson,656,Spain,Male,32,5,136963.12,1,1,0,133814.28,0,Inactive Disengaged,Q4 (Highest),1.0235314198155832,Middle (5th-95th pct)
15786153,McKenzie,644,Germany,Male,47,9,137774.11,2,1,0,151902.78,0,Inactive High-Balance,Q4 (Highest),0.9069887331884248,Middle (5th-95th pct)
15707674,Marino,515,France,Female,58,2,131852.81,1,1,0,81436.68,1,Inactive Disengaged,Q4 (Highest),1.619083808426375,Middle (5th-95th pct)
15609299,Chamberlain,595,France,Male,29,6,150685.79,1,1,0,87771.06,0,Inactive Disengaged,Q4 (Highest),1.7168049468697315,Middle (5th-95th pct)
15669945,Jackson,492,France,Male,35,4,141359.37,2,1,0,39519.53,0,Inactive High-Balance,Q4 (Highest),3.5769496752618264,Middle (5th-95th pct)
15787830,Bailey,452,Germany,Male,33,7,153663.27,1,1,0,111868.23,0,Inactive Disengaged,Q4 (Highest),1.3736095583169592,Middle (5th-95th pct)
15761294,Manna,667,Germany,Female,56,8,137464.04,1,1,0,130846.79,1,Inactive Disengaged,Q4 (Highest),1.0505725054470194,Middle (5th-95th pct)
15763895,Hung,536,France,Male,32,7,178011.5,2,1,0,22375.14,0,Inactive High-Balance,Q4 (Highest),7.955771449921654,Top 5% (extreme high)
15781777,Sutherland,604,France,Male,33,3,148659.48,1,0,0,42437.75,0,Inactive Disengaged,Q4 (Highest),3.50300098379391,Middle (5th-95th pct)
15800287,Micco,706,Spain,Female,46,2,127660.46,2,1,0,150156.82,1,Inactive High-Balance,Q4 (Highest),0.850180897544314,Middle (5th-95th pct)
15719991,Korovina,727,Spain,Female,52,1,154733.97,1,1,0,80259.67,1,Inactive Disengaged,Q4 (Highest),1.9279168479013185,Middle (5th-95th pct)
15759456,Lupton,609,Spain,Male,34,7,140694.78,2,1,0,46266.63,0,Inactive High-Balance,Q4 (Highest),3.040955868192691,Middle (5th-95th pct)
15727489,Madueke,567,Spain,Female,45,1,157320.51,1,1,0,62193.92,0,Inactive Disengaged,Q4 (Highest),2.5295159076642864,Middle (5th-95th pct)
15665376,Lavrentiev,647,Germany,Female,35,3,166518.63,2,1,0,147930.46,0,Inactive High-Balance,Q4 (Highest),1.1256547840113524,Middle (5th-95th pct)
15621116,Fang,648,Germany,Male,33,5,138664.24,1,1,0,29076.27,0,Inactive Disengaged,Q4 (Highest),4.768983091710181,Middle (5th-95th pct)
15740470,Vinogradov,725,France,Male,39,4,160652.45,2,1,0,57643.55,0,Inactive High-Balance,Q4 (Highest),2.7869978514508564,Middle (5th-95th pct)
15621520,Tang,783,Germany,Female,42,2,139707.28,1,1,0,2150.22,0,Inactive Disengaged,Q4 (Highest),64.97348178325939,Top 5% (extreme high)
15801152,Hill,553,Spain,Female,39,1,142876.98,2,1,0,44363.42,0,Inactive High-Balance,Q4 (Highest),3.220603370975457,Middle (5th-95th pct)
15756425,Barnes,660,France,Male,30,7,146301.31,1,0,0,96847.91,0,Inactive Disengaged,Q4 (Highest),1.5106295014523285,Middle (5th-95th pct)
15570051,Gill,775,Germany,Female,38,6,179886.41,2,0,0,153122.58,0,Inactive High-Balance,Q4 (Highest),1.1747869582657242,Middle (5th-95th pct)
15790324,Green,660,France,Female,20,6,167685.56,1,1,0,57929.9,0,Inactive Disengaged,Q4 (Highest),2.894628853148374,Middle (5th-95th pct)
15691119,Martin,721,Germany,Male,68,4,136525.99,1,0,0,175399.14,0,Inactive Disengaged,Q4 (Highest),0.7783732006895814,Middle (5th-95th pct)
15743893,Alexeyeva,471,France,Male,42,3,164951.56,1,1,0,190531.77,0,Inactive Disengaged,Q4 (Highest),0.8657430726644696,Middle (5th-95th pct)
15644356,Prokhorova,682,Spain,Female,47,10,134032.01,1,1,0,144290.97,0,Inactive Disengaged,Q4 (Highest),0.9289008868676952,Middle (5th-95th pct)
15681180,Barese,771,France,Female,23,7,156123.73,1,1,0,72990.62,0,Inactive Disengaged,Q4 (Highest),2.138956074081848,Middle (5th-95th pct)
15686463,Fu,626,France,Male,38,7,141074.59,1,1,0,52795.56,1,Inactive Disengaged,Q4 (Highest),2.6720919334883466,Middle (5th-95th pct)
15648967,Ch'en,698,Germany,Female,64,1,169362.43,1,1,0,84760.32,1,Inactive Disengaged,Q4 (Highest),1.9981334426297586,Middle (5th-95th pct)
15664498,Golovanov,508,France,Male,26,7,205962.0,1,1,0,156424.4,0,Inactive Disengaged,Q4 (Highest),1.3166871664522926,Middle (5th-95th pct)
15775756,Alexandrova,809,Germany,Male,33,8,148055.74,1,0,0,199203.21,0,Inactive Disengaged,Q4 (Highest),0.7432397299220228,Middle (5th-95th pct)
15593795,Linton,516,Germany,Female,53,1,156674.2,1,1,0,118502.34,1,Inactive Disengaged,Q4 (Highest),1.3221190400122058,Middle (5th-95th pct)
15683524,Tobenna,660,Germany,Female,23,6,166070.48,2,0,0,90494.72,0,Inactive High-Balance,Q4 (Highest),1.8351399949079903,Middle (5th-95th pct)
15595609,Sykes,679,Germany,Male,52,9,135870.01,2,0,0,54038.62,0,Inactive High-Balance,Q4 (Highest),2.5143130968185345,Middle (5th-95th pct)
15660646,Fanucci,528,France,Male,35,3,156687.1,1,1,0,199320.77,0,Inactive Disengaged,Q4 (Highest),0.7861052312812158,Middle (5th-95th pct)
15614365,Lombardi,696,Germany,Male,31,3,150604.52,1,0,0,5566.6,0,Inactive Disengaged,Q4 (Highest),27.055028203930583,Top 5% (extreme high)
15776128,Hs?,716,France,Female,44,6,155114.9,1,0,0,133871.83,0,Inactive Disengaged,Q4 (Highest),1.1586821514279741,Middle (5th-95th pct)
15773260,Tsou,590,France,Female,32,0,127763.24,1,1,0,100717.54,0,Inactive Disengaged,Q4 (Highest),1.2685301884855409,Middle (5th-95th pct)
15632118,Pirozzi,698,Spain,Male,45,5,164450.94,1,1,0,141970.02,1,Inactive Disengaged,Q4 (Highest),1.1583497699021246,Middle (5th-95th pct)
15788118,Siciliano,656,France,Male,33,7,138705.02,2,1,0,37136.15,0,Inactive High-Balance,Q4 (Highest),3.735040385177246,Middle (5th-95th pct)
15788930,Silva,761,Spain,Male,37,7,132730.17,1,1,0,199293.01,0,Inactive Disengaged,Q4 (Highest),0.6660051448869181,Middle (5th-95th pct)
15610930,Kwemto,572,Germany,Female,35,1,139979.07,1,1,0,185662.84,0,Inactive Disengaged,Q4 (Highest),0.7539423074644339,Middle (5th-95th pct)
15751748,Trevisani,666,France,Male,51,2,148222.65,1,0,0,156953.54,1,Inactive Disengaged,Q4 (Highest),0.9443727742617337,Middle (5th-95th pct)
15604818,Edmund la Touche,798,France,Male,34,9,154495.79,1,1,0,191395.88,0,Inactive Disengaged,Q4 (Highest),0.8072054111091629,Middle (5th-95th pct)
15739194,Manfrin,548,Spain,Male,38,0,178056.54,2,1,0,38434.73,0,Inactive High-Balance,Q4 (Highest),4.632699123943371,Middle (5th-95th pct)
15613017,McMillan,586,Germany,Male,32,1,149814.54,1,1,0,31830.06,0,Inactive Disengaged,Q4 (Highest),4.7066998931199,Middle (5th-95th pct)
15803415,Samsonova,579,France,Female,39,3,166501.17,2,1,0,93835.64,0,Inactive High-Balance,Q4 (Highest),1.7743915851162737,Middle (5th-95th pct)
15624866,Brewer,658,Germany,Male,37,3,168735.74,2,0,0,70370.24,0,Inactive High-Balance,Q4 (Highest),2.397828115976299,Middle (5th-95th pct)
15668248,Quinn,528,Germany,Female,62,7,133201.17,1,0,0,168507.68,1,Inactive Disengaged,Q4 (Highest),0.7904753658705646,Middle (5th-95th pct)
15694376,Sullivan,705,Germany,Female,64,3,153469.26,3,0,0,146573.66,1,Inactive High-Balance,Q4 (Highest),1.0470452876731058,Middle (5th-95th pct)
15799964,Campbell,669,Germany,Female,30,7,139872.81,1,1,0,188795.85,0,Inactive Disengaged,Q4 (Highest),0.7408680328513577,Middle (5th-95th pct)
15761720,Mead,422,France,Male,41,6,153238.88,1,1,0,11663.09,0,Inactive Disengaged,Q4 (Highest),13.138789120207424,Top 5% (extreme high)
15658475,Lori,834,France,Male,36,8,142882.49,1,1,0,89983.02,1,Inactive Disengaged,Q4 (Highest),1.5878828027776795,Middle (5th-95th pct)
15661532,Butusov,650,France,Female,31,1,160566.11,2,0,0,27073.81,0,Inactive High-Balance,Q4 (Highest),5.930680240424232,Middle (5th-95th pct)
15767908,Nicholson,567,France,Male,38,6,127678.8,2,0,0,45422.89,0,Inactive High-Balance,Q4 (Highest),2.81089116082222,Middle (5th-95th pct)
15641474,Hall,638,France,Male,46,9,139859.54,1,1,0,38967.29,0,Inactive Disengaged,Q4 (Highest),3.5891523377684207,Middle (5th-95th pct)
15571666,Shaw,642,Germany,Male,30,8,134497.27,1,0,0,43250.54,0,Inactive Disengaged,Q4 (Highest),3.1097246415882895,Middle (5th-95th pct)
15703614,Hutchinson,564,Spain,Male,48,5,132876.23,1,1,0,79259.77,0,Inactive Disengaged,Q4 (Highest),1.6764649960503293,Middle (5th-95th pct)
15706116,McKay,659,Germany,Female,30,8,154159.51,1,1,0,40441.1,0,Inactive Disengaged,Q4 (Highest),3.8119514553263887,Middle (5th-95th pct)
15639590,Melendez,758,France,Female,30,3,141581.08,1,1,0,156249.06,0,Inactive Disengaged,Q4 (Highest),0.9061243632441692,Middle (5th-95th pct)
15659399,Mazzi,516,Germany,Male,50,7,139675.07,2,1,0,45591.23,0,Inactive High-Balance,Q4 (Highest),3.0636389937275217,Middle (5th-95th pct)
15786617,Arcuri,485,Germany,Male,34,3,133658.24,1,1,0,70209.83,0,Inactive Disengaged,Q4 (Highest),1.9036969609526186,Middle (5th-95th pct)
15657449,Chukwuma,446,Germany,Male,25,3,136202.78,1,1,0,176743.51,0,Inactive Disengaged,Q4 (Highest),0.7706239397418326,Middle (5th-95th pct)
15672594,Stevenson,597,France,Female,60,0,131778.08,1,0,0,10703.53,1,Inactive Disengaged,Q4 (Highest),12.311646718419063,Top 5% (extreme high)
15664214,Hearn,670,France,Male,33,2,141204.65,2,1,0,76257.46,0,Inactive High-Balance,Q4 (Highest),1.8516831009057997,Middle (5th-95th pct)
15579996,Iroawuchi,524,Germany,Female,25,7,131402.21,1,0,0,193668.49,0,Inactive Disengaged,Q4 (Highest),0.6784903935586011,Middle (5th-95th pct)
15805909,Bergamaschi,700,Spain,Male,28,8,159900.38,1,0,0,22698.56,0,Inactive Disengaged,Q4 (Highest),7.044516480340603,Middle (5th-95th pct)
15596870,Marino,749,Germany,Male,54,3,144768.94,1,1,0,93336.3,1,Inactive Disengaged,Q4 (Highest),1.5510464845938825,Middle (5th-95th pct)
15706200,Graham,637,Germany,Male,41,2,138014.4,2,1,0,140298.24,0,Inactive High-Balance,Q4 (Highest),0.9837215349244581,Middle (5th-95th pct)
15742971,Whitehead,708,France,Female,44,2,161887.81,2,1,0,84870.23,0,Inactive High-Balance,Q4 (Highest),1.907474623316091,Middle (5th-95th pct)
15607314,Chiefo,536,Spain,Male,53,2,143923.96,1,1,0,2019.78,1,Inactive Disengaged,Q4 (Highest),71.25724583865569,Top 5% (extreme high)
15737832,Robertson,771,Spain,Male,45,0,139825.56,1,0,0,170984.97,1,Inactive Disengaged,Q4 (Highest),0.8177652105913169,Middle (5th-95th pct)
15713594,French,543,France,Female,32,7,147256.86,1,1,0,112771.95,0,Inactive Disengaged,Q4 (Highest),1.305793328926209,Middle (5th-95th pct)
15680706,Balashov,537,Germany,Male,48,4,131834.8,1,1,0,166476.95,1,Inactive Disengaged,Q4 (Highest),0.7919102314164211,Middle (5th-95th pct)
15685653,Benson,585,Germany,Female,40,3,162261.01,2,1,0,137028.51,0,Inactive High-Balance,Q4 (Highest),1.1841405120729984,Middle (5th-95th pct)
15764448,Mackenzie,837,Germany,Male,35,0,144037.6,1,1,0,145325.32,0,Inactive Disengaged,Q4 (Highest),0.9911390527129065,Middle (5th-95th pct)
15734987,Robertson,658,France,Female,43,7,140260.36,2,1,0,2748.72,0,Inactive High-Balance,Q4 (Highest),51.02751826304607,Top 5% (extreme high)
15650086,Uchenna,725,France,Male,43,2,165896.0,2,1,0,130795.52,0,Inactive High-Balance,Q4 (Highest),1.268361485164018,Middle (5th-95th pct)
15605020,Schofield,651,France,Male,45,2,165901.59,2,1,0,23054.51,1,Inactive High-Balance,Q4 (Highest),7.196057951350951,Middle (5th-95th pct)
15655410,Hinton,768,Germany,Male,49,1,133384.66,1,1,0,102397.22,1,Inactive Disengaged,Q4 (Highest),1.3026199344083755,Middle (5th-95th pct)
15763256,Sheppard,661,Germany,Female,64,8,128751.65,2,1,0,189398.18,1,Inactive High-Balance,Q4 (Highest),0.6797934911518158,Middle (5th-95th pct)
15620111,Fan,659,France,Male,54,8,133436.52,1,1,0,56787.8,0,Inactive Disengaged,Q4 (Highest),2.3497392045474554,Middle (5th-95th pct)
15778005,Kemp,785,France,Female,39,1,130147.98,1,1,0,163798.41,1,Inactive Disengaged,Q4 (Highest),0.7945619252348054,Middle (5th-95th pct)
15711843,Pisani,613,Germany,Male,40,1,147856.82,3,0,0,107961.11,1,Inactive High-Balance,Q4 (Highest),1.3695377900430998,Middle (5th-95th pct)
15811588,Eluemuno,664,Spain,Female,53,7,187602.18,1,1,0,186392.99,1,Inactive Disengaged,Q4 (Highest),1.0064873147858189,Middle (5th-95th pct)
15702138,Swift,510,France,Female,22,3,156834.34,1,0,0,44374.44,0,Inactive Disengaged,Q4 (Highest),3.5343395882855084,Middle (5th-95th pct)
15575498,Gould,705,France,Female,39,5,149379.66,2,1,0,96075.55,0,Inactive High-Balance,Q4 (Highest),1.5548145183660151,Middle (5th-95th pct)
15737647,Obioma,775,Germany,Female,77,6,135120.56,1,1,0,37836.64,0,Inactive Disengaged,Q4 (Highest),3.5711564240376523,Middle (5th-95th pct)
15799357,Armfield,727,France,Male,35,5,136364.46,1,0,0,142754.71,0,Inactive Disengaged,Q4 (Highest),0.9552361529787704,Middle (5th-95th pct)
15692599,Chiemela,687,France,Male,34,5,128270.56,1,1,0,191092.62,0,Inactive Disengaged,Q4 (Highest),0.6712481099479405,Middle (5th-95th pct)
15807003,Jennings,762,France,Male,32,10,191775.65,1,1,0,179657.83,0,Inactive Disengaged,Q4 (Highest),1.0674494398602055,Middle (5th-95th pct)
15582335,Brown,556,France,Female,40,9,129860.37,1,0,0,17992.94,0,Inactive Disengaged,Q4 (Highest),7.217295783790754,Middle (5th-95th pct)
15759991,Hunter,748,Spain,Male,36,4,141573.55,1,1,0,82158.14,0,Inactive Disengaged,Q4 (Highest),1.7231834849231007,Middle (5th-95th pct)
15640491,Raff,464,France,Female,33,10,147493.7,2,1,0,100447.53,0,Inactive High-Balance,Q4 (Highest),1.4683656233259297,Middle (5th-95th pct)
15654408,Kharitonova,562,Spain,Male,41,5,165445.04,2,1,0,85787.31,0,Inactive High-Balance,Q4 (Highest),1.9285491059225428,Middle (5th-95th pct)
15636872,Amadi,585,France,Female,32,8,144705.87,2,0,0,171482.56,0,Inactive High-Balance,Q4 (Highest),0.8438518179341385,Middle (5th-95th pct)
15628530,Booth,694,France,Male,42,3,156864.2,2,0,0,88890.75,0,Inactive High-Balance,Q4 (Highest),1.7646853019014916,Middle (5th-95th pct)
15792228,Onwumelu,748,France,Male,60,0,152335.7,1,1,0,126743.33,1,Inactive Disengaged,Q4 (Highest),1.2019228151887758,Middle (5th-95th pct)
15661548,Ferri,683,France,Female,29,0,157829.12,1,0,0,129891.66,0,Inactive Disengaged,Q4 (Highest),1.2150827851457129,Middle (5th-95th pct)
15792986,T'ao,580,Germany,Male,24,1,133811.78,1,1,0,17185.95,1,Inactive Disengaged,Q4 (Highest),7.786114820536542,Top 5% (extreme high)
15606273,Rene,616,France,Male,37,5,144235.73,2,0,0,154957.66,1,Inactive High-Balance,Q4 (Highest),0.9308073573129589,Middle (5th-95th pct)
15799652,Daigle,763,France,Female,38,0,152582.2,2,0,0,31892.82,0,Inactive High-Balance,Q4 (Highest),4.784217889794632,Middle (5th-95th pct)
15715047,Joshua,640,Spain,Male,43,9,172478.15,1,1,0,191084.4,1,Inactive Disengaged,Q4 (Highest),0.9026281056957031,Middle (5th-95th pct)
15632521,Cattaneo,689,Germany,Male,45,0,130170.82,2,1,0,150856.38,0,Inactive High-Balance,Q4 (Highest),0.8628791172106874,Middle (5th-95th pct)
15743817,Hargreaves,621,Germany,Male,40,8,174126.75,3,1,0,172490.78,1,Inactive High-Balance,Q4 (Highest),1.0094843909917968,Middle (5th-95th pct)
15612524,Hunt,643,Germany,Male,41,2,127841.52,1,1,0,172363.41,0,Inactive Disengaged,Q4 (Highest),0.7416975563433098,Middle (5th-95th pct)
15717056,Pan,828,Germany,Female,25,7,144351.86,1,1,0,116613.26,0,Inactive Disengaged,Q4 (Highest),1.2378683178911214,Middle (5th-95th pct)
15768137,Bray,667,Spain,Female,23,6,136100.69,2,0,0,169669.33,1,Inactive High-Balance,Q4 (Highest),0.8021525752473945,Middle (5th-95th pct)
15723721,Tinline,543,France,Male,30,4,140916.81,1,1,0,157711.18,0,Inactive Disengaged,Q4 (Highest),0.8935118613658207,Middle (5th-95th pct)
15620341,Nwebube,500,Germany,Male,44,9,160838.13,2,1,0,196261.64,0,Inactive High-Balance,Q4 (Highest),0.8195087435323581,Middle (5th-95th pct)
15761168,Manna,478,France,Female,38,4,171913.87,1,1,0,51820.87,1,Inactive Disengaged,Q4 (Highest),3.317463986999832,Middle (5th-95th pct)
15712121,Chidimma,657,Spain,Male,34,5,154983.98,1,1,0,27738.01,0,Inactive Disengaged,Q4 (Highest),5.587422457487038,Middle (5th-95th pct)
15592578,Nucci,614,Spain,Female,41,7,146997.64,2,0,0,137791.18,0,Inactive High-Balance,Q4 (Highest),1.066814581310647,Middle (5th-95th pct)
15793307,Calabresi,724,Spain,Female,41,4,142880.28,3,0,0,185541.2,1,Inactive High-Balance,Q4 (Highest),0.7700730619398818,Middle (5th-95th pct)
15660679,Chimaobim,653,Spain,Female,38,9,149571.94,1,1,0,118383.18,0,Inactive Disengaged,Q4 (Highest),1.26345600785517,Middle (5th-95th pct)
15811026,Norman,505,Germany,Male,43,5,136855.94,2,1,0,171070.52,0,Inactive High-Balance,Q4 (Highest),0.7999972175217566,Middle (5th-95th pct)
15758692,Kao,669,France,Female,29,7,146011.4,1,0,0,50249.16,0,Inactive Disengaged,Q4 (Highest),2.905748076186746,Middle (5th-95th pct)
15730353,Olisaemeka,550,Germany,Male,29,9,145294.08,2,1,0,147484.13,0,Inactive High-Balance,Q4 (Highest),0.9851506056956771,Middle (5th-95th pct)
15616152,Pai,754,France,Female,47,1,185513.67,1,1,0,27438.83,0,Inactive Disengaged,Q4 (Highest),6.760990537861855,Middle (5th-95th pct)
15721460,Lorenzo,678,France,Male,60,8,185648.56,1,0,0,192156.54,1,Inactive Disengaged,Q4 (Highest),0.9661318839317152,Middle (5th-95th pct)
15649536,Wong,741,Germany,Male,38,4,128015.83,1,1,0,58440.43,0,Inactive Disengaged,Q4 (Highest),2.1905353879155234,Middle (5th-95th pct)
15701176,Brown,663,France,Male,26,5,141462.13,1,1,0,440.2,0,Inactive Disengaged,Q4 (Highest),321.3587687414812,Top 5% (extreme high)
15655632,MacDonald,655,France,Male,27,2,131691.33,1,1,0,49480.66,0,Inactive Disengaged,Q4 (Highest),2.6614707645370936,Middle (5th-95th pct)
15764432,Hicks,588,Germany,Female,42,2,164307.77,1,1,0,48498.19,0,Inactive Disengaged,Q4 (Highest),3.3879155077746197,Middle (5th-95th pct)
15601594,Ifeanacho,698,France,Female,51,6,144237.91,4,1,0,157143.61,1,Inactive High-Balance,Q4 (Highest),0.9178732116437952,Middle (5th-95th pct)
15628992,Esposito,850,Germany,Male,32,2,128647.98,2,0,0,54416.18,0,Inactive High-Balance,Q4 (Highest),2.3641494129135854,Middle (5th-95th pct)
15751185,Aparicio,699,Spain,Female,50,0,158633.61,1,1,0,193785.87,0,Inactive Disengaged,Q4 (Highest),0.8186025637472948,Middle (5th-95th pct)
15688612,Campos,850,France,Male,33,7,140956.99,1,0,0,3510.18,0,Inactive Disengaged,Q4 (Highest),40.15662729546633,Top 5% (extreme high)
15775430,Tsou,651,Germany,Male,31,7,138008.06,2,1,0,129912.74,0,Inactive High-Balance,Q4 (Highest),1.0623135190590236,Middle (5th-95th pct)
15711287,Ahmed,661,Spain,Female,35,5,128415.45,1,1,0,142626.49,0,Inactive Disengaged,Q4 (Highest),0.9003618472276784,Middle (5th-95th pct)
15677146,Obiajulu,728,France,Female,28,4,142243.54,2,1,0,33074.51,0,Inactive High-Balance,Q4 (Highest),4.300699844079323,Middle (5th-95th pct)
15801169,Yegorova,764,Germany,Female,39,9,138341.51,1,1,0,50072.94,1,Inactive Disengaged,Q4 (Highest),2.7627998276114805,Middle (5th-95th pct)
15721779,Arnold,826,Spain,Male,41,5,146466.46,2,0,0,180934.67,0,Inactive High-Balance,Q4 (Highest),0.8094991413199029,Middle (5th-95th pct)
15735400,Kanayochukwu,756,France,Male,28,8,179960.2,1,1,0,89938.08,0,Inactive Disengaged,Q4 (Highest),2.0009344206591915,Middle (5th-95th pct)
15632826,Tardent,493,France,Male,38,3,134006.77,1,1,0,89578.32,0,Inactive Disengaged,Q4 (Highest),1.495973244418962,Middle (5th-95th pct)
15738954,Pisano,551,France,Male,35,7,129717.3,2,0,0,86937.2,0,Inactive High-Balance,Q4 (Highest),1.4920804902849414,Middle (5th-95th pct)
15753174,Thompson,571,Germany,Male,37,9,139592.98,3,1,0,104152.65,1,Inactive High-Balance,Q4 (Highest),1.3402729551288424,Middle (5th-95th pct)
15724719,Jones,550,France,Female,22,7,139096.85,1,1,0,129890.94,0,Inactive Disengaged,Q4 (Highest),1.0708741502679093,Middle (5th-95th pct)
15749519,Lin,822,France,Male,38,6,128289.7,3,1,0,9149.96,1,Inactive High-Balance,Q4 (Highest),14.020793533523644,Top 5% (extreme high)
15668323,Mbadiwe,678,France,Female,41,1,143443.61,1,1,0,196622.28,1,Inactive Disengaged,Q4 (Highest),0.7295389413651392,Middle (5th-95th pct)
15746664,Ts'ui,463,Spain,Male,20,8,204223.03,1,1,0,128268.39,0,Inactive Disengaged,Q4 (Highest),1.5921539983467479,Middle (5th-95th pct)
15761497,Udinesi,713,Spain,Female,48,1,163760.82,1,0,0,157381.14,1,Inactive Disengaged,Q4 (Highest),1.0405364963044492,Middle (5th-95th pct)
15732281,Ugoji,680,Germany,Male,34,6,146422.22,1,1,0,67142.97,1,Inactive Disengaged,Q4 (Highest),2.180752802564438,Middle (5th-95th pct)
15733904,McDonald,529,France,Male,32,9,147493.89,1,1,0,33656.35,0,Inactive Disengaged,Q4 (Highest),4.382349541765522,Middle (5th-95th pct)
15690540,Gearheart,684,Spain,Female,41,1,134177.06,1,0,0,177506.66,0,Inactive Disengaged,Q4 (Highest),0.7558987364192419,Middle (5th-95th pct)
15801788,McDonald,706,Germany,Female,29,6,185544.36,1,1,0,171037.63,0,Inactive Disengaged,Q4 (Highest),1.0848160138795186,Middle (5th-95th pct)
15778696,Ikemefuna,684,Spain,Female,36,5,174180.39,1,1,0,119830.08,0,Inactive Disengaged,Q4 (Highest),1.4535614930741931,Middle (5th-95th pct)
15788068,Lopez,743,Germany,Male,45,10,144677.19,3,1,0,22512.44,1,Inactive High-Balance,Q4 (Highest),6.4265441684686335,Middle (5th-95th pct)
15791114,Yegorova,700,France,Male,37,1,135179.49,1,1,0,160670.37,0,Inactive Disengaged,Q4 (Highest),0.8413467274644354,Middle (5th-95th pct)
15719779,May,645,Germany,Male,25,1,157404.02,2,1,0,93073.04,0,Inactive High-Balance,Q4 (Highest),1.691188124939295,Middle (5th-95th pct)
15680234,Bray,667,Germany,Male,27,2,138032.15,1,1,0,166317.71,0,Inactive Disengaged,Q4 (Highest),0.8299305588081991,Middle (5th-95th pct)
15700627,Y?,637,Germany,Female,46,2,143500.82,1,1,0,166996.46,1,Inactive Disengaged,Q4 (Highest),0.8593045625038999,Middle (5th-95th pct)
15688644,Holloway,603,France,Male,31,1,129743.75,1,1,0,109145.2,0,Inactive Disengaged,Q4 (Highest),1.1887261189681269,Middle (5th-95th pct)
15720511,Byrne,547,Germany,Male,41,3,151191.31,1,1,0,175295.89,1,Inactive Disengaged,Q4 (Highest),0.8624920413136896,Middle (5th-95th pct)
15773751,Y?,597,France,Female,29,1,132144.35,1,1,0,158086.33,0,Inactive Disengaged,Q4 (Highest),0.8358999162040135,Middle (5th-95th pct)
15580701,Ma,712,France,Male,33,3,153819.58,1,1,0,79176.09,1,Inactive Disengaged,Q4 (Highest),1.9427529194735431,Middle (5th-95th pct)
15720968,Young,606,Germany,Male,27,2,130274.26,2,1,0,147533.09,0,Inactive High-Balance,Q4 (Highest),0.883017226847211,Middle (5th-95th pct)
15733661,Illingworth,639,Spain,Female,27,8,133806.54,2,1,0,6251.3,0,Inactive High-Balance,Q4 (Highest),21.404594244397167,Top 5% (extreme high)
15638513,Palermo,723,France,Female,40,7,142856.95,2,0,0,38019.74,0,Inactive High-Balance,Q4 (Highest),3.7574415290583265,Middle (5th-95th pct)
15600357,Findlay,495,France,Female,40,1,140197.71,2,1,0,150720.39,0,Inactive High-Balance,Q4 (Highest),0.9301840978516575,Middle (5th-95th pct)
15566253,Manning,580,Germany,Male,44,9,143391.07,1,0,0,146891.07,1,Inactive Disengaged,Q4 (Highest),0.9761728197636521,Middle (5th-95th pct)
15633274,Tai,679,France,Male,34,7,160515.37,1,1,0,121904.14,0,Inactive Disengaged,Q4 (Highest),1.3167343619338934,Middle (5th-95th pct)
15582168,Muravyova,713,Germany,Female,61,4,149525.34,2,1,0,123663.63,0,Inactive High-Balance,Q4 (Highest),1.209129474850447,Middle (5th-95th pct)
15807269,Milanesi,690,Germany,Male,43,2,166522.78,1,0,0,119644.59,1,Inactive Disengaged,Q4 (Highest),1.3918120326209484,Middle (5th-95th pct)
15602979,Lin,751,France,Male,29,1,135536.5,1,1,0,66825.33,0,Inactive Disengaged,Q4 (Highest),2.0282204367715058,Middle (5th-95th pct)
15785547,Slye,665,France,Male,28,8,191402.82,2,1,0,83238.4,0,Inactive High-Balance,Q4 (Highest),2.299453377287406,Middle (5th-95th pct)
15798256,Takasuka,558,France,Female,45,1,153697.53,2,0,0,89891.4,1,Inactive High-Balance,Q4 (Highest),1.7098135083000154,Middle (5th-95th pct)
15755225,Ryan,659,Germany,Male,34,9,134464.58,2,1,0,178833.34,0,Inactive High-Balance,Q4 (Highest),0.7518988349711524,Middle (5th-95th pct)
15659094,Ojiofor,765,Germany,Female,34,8,136729.51,2,0,0,47058.21,0,Inactive High-Balance,Q4 (Highest),2.9055399684773393,Middle (5th-95th pct)
15796496,Trevisani,631,France,Female,31,8,137687.72,1,1,0,190067.12,0,Inactive Disengaged,Q4 (Highest),0.7244163009362167,Middle (5th-95th pct)
15636330,Ch'in,588,Germany,Female,48,1,143279.58,2,1,0,31580.8,1,Inactive High-Balance,Q4 (Highest),4.536920533995339,Middle (5th-95th pct)
15785559,De Luca,678,France,Male,43,1,133237.21,1,1,0,111032.79,1,Inactive Disengaged,Q4 (Highest),1.199980744426939,Middle (5th-95th pct)
15701605,Forster,815,France,Male,37,1,166115.42,1,1,0,67208.3,0,Inactive Disengaged,Q4 (Highest),2.471650376515996,Middle (5th-95th pct)
15812647,Yin,691,France,Male,34,8,133936.04,2,1,0,91359.79,0,Inactive High-Balance,Q4 (Highest),1.4660283260283329,Middle (5th-95th pct)
15694444,Buttenshaw,648,Germany,Female,32,8,157138.99,3,1,0,190994.48,1,Inactive High-Balance,Q4 (Highest),0.8227410027766247,Middle (5th-95th pct)
15790067,Sun,614,Spain,Male,39,3,151914.93,1,0,0,56459.45,0,Inactive Disengaged,Q4 (Highest),2.6906909295078147,Middle (5th-95th pct)
15713845,Merrett,688,France,Male,38,7,148045.68,1,1,0,175479.92,1,Inactive Disengaged,Q4 (Highest),0.8436616565587675,Middle (5th-95th pct)
15700083,Lai,609,Spain,Male,39,2,139443.75,2,1,0,9234.06,0,Inactive High-Balance,Q4 (Highest),15.101022735394833,Top 5% (extreme high)
15708867,Niu,684,Spain,Female,38,3,134168.5,3,1,0,3966.5,1,Inactive High-Balance,Q4 (Highest),33.825412832471955,Top 5% (extreme high)
15684211,Creel,704,Spain,Female,44,9,153656.85,1,1,0,158742.81,0,Inactive Disengaged,Q4 (Highest),0.9679610056039704,Middle (5th-95th pct)
15804721,Boni,602,France,Male,49,0,191808.73,1,0,0,97640.2,0,Inactive Disengaged,Q4 (Highest),1.964444255542287,Middle (5th-95th pct)
15689412,Christie,604,France,Female,32,7,127849.38,1,1,0,15798.7,0,Inactive Disengaged,Q4 (Highest),8.092398741668617,Top 5% (extreme high)
15797329,Muir,626,France,Male,43,4,137638.69,1,1,0,130442.08,1,Inactive Disengaged,Q4 (Highest),1.0551709233707405,Middle (5th-95th pct)
15785373,Wong,717,Spain,Female,42,5,190305.78,1,1,0,99347.8,1,Inactive Disengaged,Q4 (Highest),1.915551023777074,Middle (5th-95th pct)
15569764,Garner,687,Germany,Female,41,2,154007.21,1,1,0,158408.23,0,Inactive Disengaged,Q4 (Highest),0.9722172263398182,Middle (5th-95th pct)
15572801,Krischock,639,Spain,Male,34,5,139393.19,2,0,0,33950.08,0,Inactive High-Balance,Q4 (Highest),4.105828027503912,Middle (5th-95th pct)
15803947,Teng,757,Germany,Female,30,6,161378.02,1,0,0,71926.28,1,Inactive Disengaged,Q4 (Highest),2.243658646047036,Middle (5th-95th pct)
15724154,Manna,625,Germany,Female,49,4,128504.76,1,1,0,126812.63,1,Inactive Disengaged,Q4 (Highest),1.0133435447242123,Middle (5th-95th pct)
15589496,Arrington,778,France,Male,34,5,139064.06,2,0,0,67949.32,0,Inactive High-Balance,Q4 (Highest),2.046585013654294,Middle (5th-95th pct)
15764343,T'ien,688,Spain,Female,46,8,155681.72,1,1,0,26287.21,0,Inactive Disengaged,Q4 (Highest),5.922337136577066,Middle (5th-95th pct)
15742798,French,829,France,Female,22,7,150126.44,1,1,0,152107.93,1,Inactive Disengaged,Q4 (Highest),0.9869731315126044,Middle (5th-95th pct)
15583392,Woronoff,747,Germany,Male,37,9,135776.36,3,1,0,85470.45,1,Inactive High-Balance,Q4 (Highest),1.5885766367206442,Middle (5th-95th pct)
15717527,Ifeanacho,619,France,Female,49,9,145359.99,1,1,0,38186.85,0,Inactive Disengaged,Q4 (Highest),3.8065457087976617,Middle (5th-95th pct)
15793478,Li Fonti,593,Germany,Female,39,8,151391.68,1,1,0,27274.6,1,Inactive Disengaged,Q4 (Highest),5.550647122230941,Middle (5th-95th pct)
15590327,Liao,604,Germany,Female,42,10,166031.45,1,1,0,98293.14,0,Inactive Disengaged,Q4 (Highest),1.6891458549396225,Middle (5th-95th pct)
15573628,Greene,751,Germany,Female,51,7,148074.79,1,1,0,146411.41,1,Inactive Disengaged,Q4 (Highest),1.0113609998018598,Middle (5th-95th pct)
15794266,Cross,559,France,Male,32,9,145303.52,1,1,0,103560.98,0,Inactive Disengaged,Q4 (Highest),1.4030720837133832,Middle (5th-95th pct)
15757867,Bray,570,France,Female,30,10,176173.52,1,1,0,97045.32,1,Inactive Disengaged,Q4 (Highest),1.8153736831410312,Middle (5th-95th pct)
15723818,Carpenter,453,France,Female,37,4,131834.76,2,1,0,8949.2,0,Inactive High-Balance,Q4 (Highest),14.73145756045233,Top 5% (extreme high)
15709920,Burke,479,France,Female,33,2,208165.53,1,0,0,50774.81,1,Inactive Disengaged,Q4 (Highest),4.099779595433247,Middle (5th-95th pct)
15691287,Ford,675,Germany,Female,33,0,141816.25,1,1,0,64815.05,1,Inactive Disengaged,Q4 (Highest),2.188014203491319,Middle (5th-95th pct)
15648067,Onwuamaeze,583,France,Male,39,1,129299.28,2,1,0,73107.6,0,Inactive High-Balance,Q4 (Highest),1.768616121990053,Middle (5th-95th pct)
15704014,K'ung,738,Germany,Male,37,7,140950.92,2,1,0,195333.98,0,Inactive High-Balance,Q4 (Highest),0.7215893517349107,Middle (5th-95th pct)
15645136,O'Donnell,744,Spain,Male,30,1,128065.12,1,1,0,121525.48,0,Inactive Disengaged,Q4 (Highest),1.0538129123209388,Middle (5th-95th pct)
15664270,Balsillie,692,Germany,Male,45,6,142084.04,4,1,0,188305.85,1,Inactive High-Balance,Q4 (Highest),0.7545386401962552,Middle (5th-95th pct)
15725665,Lo,679,France,Male,47,10,198546.1,2,1,0,191198.92,1,Inactive High-Balance,Q4 (Highest),1.038426890695826,Middle (5th-95th pct)
15591036,Genovesi,577,Germany,Female,43,3,127940.47,1,0,0,125140.72,1,Inactive Disengaged,Q4 (Highest),1.0223728135813825,Middle (5th-95th pct)
15566988,Iqbal,656,Germany,Female,46,7,141535.52,1,1,0,50595.15,1,Inactive Disengaged,Q4 (Highest),2.79741279549522,Middle (5th-95th pct)
15680112,Stewart,473,Germany,Female,35,7,131504.73,1,1,0,189560.43,0,Inactive Disengaged,Q4 (Highest),0.693735132379685,Middle (5th-95th pct)
15594928,Pagnotto,798,Germany,Female,38,4,129055.13,1,1,0,157147.59,0,Inactive Disengaged,Q4 (Highest),0.8212351840712289,Middle (5th-95th pct)
15802220,Ikenna,599,Spain,Male,35,6,137102.65,1,0,0,76870.81,0,Inactive Disengaged,Q4 (Highest),1.783546316215479,Middle (5th-95th pct)
15698167,Kumm,677,France,Female,24,0,148298.59,2,0,0,182913.95,0,Inactive High-Balance,Q4 (Highest),0.8107560412970142,Middle (5th-95th pct)
15801296,Farber,634,Germany,Female,37,7,143258.85,2,1,0,192721.98,0,Inactive High-Balance,Q4 (Highest),0.7433446356248519,Middle (5th-95th pct)
15781234,Y?an,609,France,Female,35,2,147900.43,1,1,0,140000.29,0,Inactive Disengaged,Q4 (Highest),1.056429454538987,Middle (5th-95th pct)
15581388,Y?an,487,Spain,Male,33,8,145729.71,1,1,0,41365.85,0,Inactive Disengaged,Q4 (Highest),3.5229473104021793,Middle (5th-95th pct)
15601045,Angelo,655,Spain,Male,37,8,163708.58,2,0,0,76259.23,0,Inactive High-Balance,Q4 (Highest),2.146737909627464,Middle (5th-95th pct)
15669253,Gibson,754,Spain,Male,39,7,157691.98,2,1,0,133600.89,1,Inactive High-Balance,Q4 (Highest),1.1803213286977354,Middle (5th-95th pct)
15781451,Buccho,504,France,Male,42,3,134936.97,2,0,0,135178.91,0,Inactive High-Balance,Q4 (Highest),0.9982102237693735,Middle (5th-95th pct)
15738588,Nebechi,660,Germany,Female,37,2,133200.09,1,0,0,71433.88,0,Inactive Disengaged,Q4 (Highest),1.8646626782697509,Middle (5th-95th pct)
15596992,Norris,482,Germany,Male,45,7,156353.46,1,1,0,72643.95,1,Inactive Disengaged,Q4 (Highest),2.152325967957414,Middle (5th-95th pct)
15730759,Chukwudi,561,France,Female,27,9,135637.0,1,1,0,153080.4,1,Inactive Disengaged,Q4 (Highest),0.8860507288980171,Middle (5th-95th pct)
15738884,Hu,642,Germany,Male,41,4,157777.58,1,1,0,67484.6,0,Inactive Disengaged,Q4 (Highest),2.337979035216923,Middle (5th-95th pct)
15743498,Winter,532,Germany,Male,52,9,137755.76,1,1,0,163191.99,1,Inactive Disengaged,Q4 (Highest),0.8441330974639136,Middle (5th-95th pct)
15720463,Ho,796,France,Male,30,2,137262.71,2,1,0,62905.29,0,Inactive High-Balance,Q4 (Highest),2.1820535284075473,Middle (5th-95th pct)
15605134,Bond,617,France,Female,34,0,131244.65,2,1,0,183229.02,0,Inactive High-Balance,Q4 (Highest),0.7162874636343086,Middle (5th-95th pct)
15737910,Houghton,703,Germany,Male,35,5,140691.08,2,1,0,167810.26,0,Inactive High-Balance,Q4 (Highest),0.8383937907014742,Middle (5th-95th pct)
15803337,Baresi,648,France,Male,23,9,168372.52,1,1,0,134676.72,0,Inactive Disengaged,Q4 (Highest),1.2501976585114338,Middle (5th-95th pct)
15656100,Candler,632,France,Female,49,5,167962.7,1,0,0,140201.21,0,Inactive Disengaged,Q4 (Highest),1.1980117717956928,Middle (5th-95th pct)
15651144,Yao,632,Germany,Female,35,2,150561.03,2,0,0,64722.61,0,Inactive High-Balance,Q4 (Highest),2.3262509036641137,Middle (5th-95th pct)
15717984,Longo,477,France,Male,47,9,144900.58,1,1,0,61315.37,1,Inactive Disengaged,Q4 (Highest),2.363201592031492,Middle (5th-95th pct)
15617320,Palermo,693,Spain,Female,46,3,151709.33,1,1,0,180736.24,0,Inactive Disengaged,Q4 (Highest),0.8393962937372161,Middle (5th-95th pct)
15690526,Tuan,690,Germany,Male,31,2,137260.45,2,1,0,55387.28,0,Inactive High-Balance,Q4 (Highest),2.478194451866927,Middle (5th-95th pct)
15581323,White,488,Germany,Female,28,7,139246.22,2,1,0,106799.49,0,Inactive High-Balance,Q4 (Highest),1.3038097841103922,Middle (5th-95th pct)
15797194,T'ao,570,France,Male,39,10,129674.89,2,1,0,80552.36,0,Inactive High-Balance,Q4 (Highest),1.609821115110718,Middle (5th-95th pct)
15664339,Yu,775,Spain,Male,48,4,178144.91,2,0,0,50168.41,1,Inactive High-Balance,Q4 (Highest),3.5509379308612727,Middle (5th-95th pct)
15572408,Chambers,714,Germany,Male,39,3,149887.49,2,1,0,63846.36,0,Inactive High-Balance,Q4 (Highest),2.347627805249978,Middle (5th-95th pct)
15645200,Chiang,581,Germany,Female,54,2,152508.99,1,1,0,187597.98,1,Inactive Disengaged,Q4 (Highest),0.8129564614714934,Middle (5th-95th pct)
15766458,Tang,498,France,Male,33,1,198113.86,1,1,0,69664.35,0,Inactive Disengaged,Q4 (Highest),2.843834184916675,Middle (5th-95th pct)
15665811,Parry,644,France,Male,33,9,141234.98,1,1,0,95673.05,0,Inactive Disengaged,Q4 (Highest),1.4762253320031085,Middle (5th-95th pct)
15603554,Berkeley,513,France,Female,45,0,164649.52,3,1,0,49915.52,1,Inactive High-Balance,Q4 (Highest),3.2985636531483595,Middle (5th-95th pct)
15626507,Chukwubuikem,558,France,Male,27,1,152283.39,1,1,0,183271.15,0,Inactive Disengaged,Q4 (Highest),0.8309185051766196,Middle (5th-95th pct)
15570895,Ch'in,608,France,Male,42,10,163548.07,1,1,0,38866.85,0,Inactive Disengaged,Q4 (Highest),4.207906480715572,Middle (5th-95th pct)
15614520,Smith,682,France,Female,37,8,148580.12,1,1,0,35179.18,0,Inactive Disengaged,Q4 (Highest),4.223524254971264,Middle (5th-95th pct)
15721047,Ansell,578,Germany,Male,37,1,135650.88,1,1,0,199428.19,0,Inactive Disengaged,Q4 (Highest),0.6801991233034809,Middle (5th-95th pct)
15617301,Chamberlin,774,Germany,Male,36,9,130809.77,1,1,0,152290.28,0,Inactive Disengaged,Q4 (Highest),0.8589502232184484,Middle (5th-95th pct)
15726046,Johnston,712,France,Female,27,2,133009.51,1,1,0,126809.15,0,Inactive Disengaged,Q4 (Highest),1.0488952098488162,Middle (5th-95th pct)
15590097,Ch'eng,537,Spain,Female,33,7,136082.0,1,1,0,62746.54,0,Inactive Disengaged,Q4 (Highest),2.1687570342524065,Middle (5th-95th pct)
15591135,Forster,726,France,Male,37,2,132057.92,2,1,0,34743.98,0,Inactive High-Balance,Q4 (Highest),3.8008863693796737,Middle (5th-95th pct)
15568562,Moss,689,France,Male,40,8,160272.27,1,1,0,49656.24,0,Inactive Disengaged,Q4 (Highest),3.2276360433250684,Middle (5th-95th pct)
15742824,Isayeva,696,Germany,Male,42,7,162318.61,1,1,0,121061.89,0,Inactive Disengaged,Q4 (Highest),1.340790318076151,Middle (5th-95th pct)
15621550,Hung,535,Spain,Female,50,1,140292.58,3,0,0,69531.22,1,Inactive High-Balance,Q4 (Highest),2.0176919087569583,Middle (5th-95th pct)
15591169,Hawes,788,Germany,Female,49,4,137455.99,1,1,0,184178.29,1,Inactive Disengaged,Q4 (Highest),0.7463202639138412,Middle (5th-95th pct)
15648136,Green,658,Germany,Female,28,9,152812.58,1,1,0,166682.57,0,Inactive Disengaged,Q4 (Highest),0.9167880000890314,Middle (5th-95th pct)
15812482,Young,575,France,Male,27,3,139301.68,1,1,0,99843.98,0,Inactive Disengaged,Q4 (Highest),1.3951935810251155,Middle (5th-95th pct)
15686835,Crawford,738,Germany,Female,57,9,148384.64,1,0,0,155047.11,1,Inactive Disengaged,Q4 (Highest),0.9570293828759532,Middle (5th-95th pct)
15788494,Alekseeva,555,France,Male,31,8,145875.74,1,1,0,137491.23,0,Inactive Disengaged,Q4 (Highest),1.0609821440974816,Middle (5th-95th pct)
15739972,Hughes,650,Germany,Female,45,9,152367.21,3,1,0,150835.21,1,Inactive High-Balance,Q4 (Highest),1.0101567797068072,Middle (5th-95th pct)
15663421,Esposito,527,Spain,Male,28,6,128396.33,2,1,0,79919.97,0,Inactive High-Balance,Q4 (Highest),1.6065612887492324,Middle (5th-95th pct)
15693764,Mai,663,Spain,Male,52,0,136298.65,1,1,0,144593.3,1,Inactive Disengaged,Q4 (Highest),0.942634617233302,Middle (5th-95th pct)
15812040,Lorenzo,594,France,Male,36,6,153880.15,1,0,0,135431.72,0,Inactive Disengaged,Q4 (Highest),1.1362194174304217,Middle (5th-95th pct)
15582033,Manfrin,753,Germany,Male,44,3,138076.47,1,1,0,15523.09,1,Inactive Disengaged,Q4 (Highest),8.894908810037176,Top 5% (extreme high)
15602845,Udinesi,466,Germany,Male,41,2,152102.18,2,1,0,181879.56,0,Inactive High-Balance,Q4 (Highest),0.8362796787060623,Middle (5th-95th pct)
15707918,Bentley,741,Germany,Female,36,0,127675.39,2,1,0,74260.16,0,Inactive High-Balance,Q4 (Highest),1.719298611799382,Middle (5th-95th pct)
15637118,Burns,684,France,Male,33,4,140700.61,1,1,0,103557.93,0,Inactive Disengaged,Q4 (Highest),1.3586657245852636,Middle (5th-95th pct)
15657829,Fanucci,806,Germany,Male,30,8,168078.83,1,1,0,85028.36,1,Inactive Disengaged,Q4 (Highest),1.976738467024414,Middle (5th-95th pct)
15789379,Zetticci,762,France,Male,26,6,130428.78,1,1,0,173365.89,0,Inactive Disengaged,Q4 (Highest),0.7523324224851843,Middle (5th-95th pct)
15566894,Gray,793,France,Male,39,3,137817.52,1,0,0,83997.79,0,Inactive Disengaged,Q4 (Highest),1.6407279286752663,Middle (5th-95th pct)
15749123,Sokolova,743,Spain,Male,45,7,157332.26,1,1,0,125424.42,0,Inactive Disengaged,Q4 (Highest),1.254398944001495,Middle (5th-95th pct)
15728012,Everett,678,Spain,Female,40,3,128398.38,1,1,0,168658.3,0,Inactive Disengaged,Q4 (Highest),0.7612929811340444,Middle (5th-95th pct)
15583371,Artemiev,632,Spain,Male,37,1,138207.08,1,1,0,60778.11,1,Inactive Disengaged,Q4 (Highest),2.2739614640863297,Middle (5th-95th pct)
15711251,Chizuoke,514,France,Male,45,1,178827.79,1,1,0,60375.18,0,Inactive Disengaged,Q4 (Highest),2.9619421424499275,Middle (5th-95th pct)
15815070,Romano,566,Germany,Female,44,5,141428.99,2,0,0,68408.74,0,Inactive High-Balance,Q4 (Highest),2.067411123198585,Middle (5th-95th pct)
15588419,Johnston,651,Germany,Female,34,10,148962.46,1,1,0,66389.43,1,Inactive Disengaged,Q4 (Highest),2.2437677202530586,Middle (5th-95th pct)
15664752,Jack,606,Germany,Male,39,8,136000.45,2,1,0,31708.53,0,Inactive High-Balance,Q4 (Highest),4.289080887698042,Middle (5th-95th pct)
15621195,Ch'eng,619,Germany,Male,41,3,147974.16,2,1,0,170518.83,0,Inactive High-Balance,Q4 (Highest),0.8677877979810207,Middle (5th-95th pct)
15793688,Bancks,669,France,Male,50,9,201009.64,1,1,0,158032.5,1,Inactive Disengaged,Q4 (Highest),1.2719512758451585,Middle (5th-95th pct)
15625964,Buckley,582,France,Female,43,5,153313.67,1,0,0,170563.73,0,Inactive Disengaged,Q4 (Highest),0.8988644303217337,Middle (5th-95th pct)
15761053,Lock,596,Germany,Male,48,2,131326.47,1,0,0,1140.02,1,Inactive Disengaged,Q4 (Highest),115.196636901107,Top 5% (extreme high)
15702095,Clarke,585,Spain,Female,56,1,128472.8,1,1,0,186476.91,1,Inactive Disengaged,Q4 (Highest),0.6889474948936037,Middle (5th-95th pct)
15764253,Ramsey,742,France,Male,32,6,160485.16,1,1,0,29023.03,0,Inactive Disengaged,Q4 (Highest),5.529579785432466,Middle (5th-95th pct)
15782364,Bevan,521,Spain,Female,39,3,146408.68,1,0,0,72993.67,0,Inactive Disengaged,Q4 (Highest),2.0057722813498757,Middle (5th-95th pct)
15636407,Beatham,793,Germany,Female,34,5,127758.09,1,1,0,143357.03,0,Inactive Disengaged,Q4 (Highest),0.8911881754246722,Middle (5th-95th pct)
15650538,Sun,445,Germany,Female,48,7,168286.58,1,1,0,16645.77,1,Inactive Disengaged,Q4 (Highest),10.10987055570274,Top 5% (extreme high)
15593425,Bracewell,662,Spain,Female,54,1,187997.15,1,0,0,111442.71,1,Inactive Disengaged,Q4 (Highest),1.6869398635406478,Middle (5th-95th pct)
15604706,Blake,581,Germany,Male,38,1,133105.47,1,1,0,105732.9,1,Inactive Disengaged,Q4 (Highest),1.2588841316184463,Middle (5th-95th pct)
15739578,Chiazagomekpere,850,France,Male,49,6,128663.9,1,1,0,65769.3,1,Inactive Disengaged,Q4 (Highest),1.9562911571204191,Middle (5th-95th pct)
15626135,Combes,689,France,Male,34,1,165312.27,1,1,0,155495.63,0,Inactive Disengaged,Q4 (Highest),1.0631312918568836,Middle (5th-95th pct)
15575399,Somadina,480,France,Female,42,1,152160.21,2,1,0,101778.9,0,Inactive High-Balance,Q4 (Highest),1.4950074131278683,Middle (5th-95th pct)
15635277,Coates,605,Spain,Male,47,7,142643.54,1,1,0,189310.27,0,Inactive Disengaged,Q4 (Highest),0.7534907641302293,Middle (5th-95th pct)
15795640,Mai,683,Germany,Female,35,1,132371.3,2,0,0,186123.57,0,Inactive High-Balance,Q4 (Highest),0.7112011659780649,Middle (5th-95th pct)
15797900,Chinomso,517,France,Male,56,9,142147.32,1,0,0,39488.04,1,Inactive Disengaged,Q4 (Highest),3.5997562806358583,Middle (5th-95th pct)
15680683,Simmons,640,Spain,Male,29,5,197200.04,2,1,0,141453.62,0,Inactive High-Balance,Q4 (Highest),1.3940968071372088,Middle (5th-95th pct)
15677087,Green,662,France,Female,39,5,138106.75,1,0,0,19596.73,0,Inactive Disengaged,Q4 (Highest),7.047438526733797,Middle (5th-95th pct)
15665784,She,637,France,Male,27,9,128940.24,1,1,0,46786.92,0,Inactive Disengaged,Q4 (Highest),2.755903573049904,Middle (5th-95th pct)
15809999,Gordon,709,France,Female,41,3,150300.65,2,1,0,71672.86,0,Inactive High-Balance,Q4 (Highest),2.097037149068699,Middle (5th-95th pct)
15629390,Liao,653,France,Male,37,7,135847.47,1,1,0,144880.81,0,Inactive Disengaged,Q4 (Highest),0.9376498516263128,Middle (5th-95th pct)
15583863,Chimaobim,681,Germany,Male,49,8,142946.18,1,0,0,187280.51,1,Inactive Disengaged,Q4 (Highest),0.763273124363021,Middle (5th-95th pct)
15727499,Boyle,666,Germany,Female,36,3,129118.5,2,0,0,139435.12,0,Inactive High-Balance,Q4 (Highest),0.9260113234025976,Middle (5th-95th pct)
15805676,Hsu,515,Spain,Male,29,4,151012.55,2,1,0,9770.97,0,Inactive High-Balance,Q4 (Highest),15.455226042040861,Top 5% (extreme high)
15744553,Ho,444,France,Male,34,2,144318.97,1,1,0,112668.06,0,Inactive Disengaged,Q4 (Highest),1.280921762565185,Middle (5th-95th pct)
15750602,Clendinnen,662,France,Male,29,5,147092.65,1,1,0,10928.3,0,Inactive Disengaged,Q4 (Highest),13.459792465433782,Top 5% (extreme high)
15639552,Mellor,603,Germany,Female,40,8,148897.02,1,0,0,105052.9,0,Inactive Disengaged,Q4 (Highest),1.4173527813130338,Middle (5th-95th pct)
15717328,Hsueh,842,France,Female,37,4,132446.08,2,1,0,87071.18,1,Inactive High-Balance,Q4 (Highest),1.5211242112487737,Middle (5th-95th pct)
15616213,Levy,555,Germany,Female,51,9,138214.5,1,1,0,198715.27,1,Inactive Disengaged,Q4 (Highest),0.6955404081427663,Middle (5th-95th pct)
15766172,Tsao,541,France,Male,34,3,128743.55,1,1,0,134851.12,0,Inactive Disengaged,Q4 (Highest),0.9547087929265994,Middle (5th-95th pct)
15625929,Trevisan,762,France,Female,44,7,159316.64,1,0,0,24780.13,0,Inactive Disengaged,Q4 (Highest),6.429209209152656,Middle (5th-95th pct)
15713347,Reynolds,577,Spain,Male,48,6,179852.26,1,1,0,193580.32,0,Inactive Disengaged,Q4 (Highest),0.9290833902950465,Middle (5th-95th pct)
15692575,Kerr,760,France,Male,38,6,162888.73,1,1,0,91098.76,1,Inactive Disengaged,Q4 (Highest),1.7880455233419206,Middle (5th-95th pct)
15605059,Mackie,576,Germany,Male,63,3,148843.56,1,1,0,69414.13,1,Inactive Disengaged,Q4 (Highest),2.1442833037019984,Middle (5th-95th pct)
15568088,Jamieson,481,Germany,Male,44,3,163714.52,1,1,0,96123.72,0,Inactive Disengaged,Q4 (Highest),1.7031646299165282,Middle (5th-95th pct)
15662243,Taylor,559,France,Male,50,5,162702.35,1,0,0,150548.5,1,Inactive Disengaged,Q4 (Highest),1.0807304622762766,Middle (5th-95th pct)
15593128,Vinogradoff,608,France,Female,56,10,129255.2,2,1,0,142492.04,1,Inactive High-Balance,Q4 (Highest),0.9071047056382938,Middle (5th-95th pct)
15806134,Storey,707,Germany,Male,34,9,162691.16,2,1,0,94912.78,0,Inactive High-Balance,Q4 (Highest),1.7141122618049962,Middle (5th-95th pct)
15669262,Maslov,765,France,Male,43,9,157960.49,2,0,0,136602.8,0,Inactive High-Balance,Q4 (Highest),1.156348844972431,Middle (5th-95th pct)
15696989,Chukwueloka,469,Germany,Female,52,8,139493.25,3,0,0,150093.32,1,Inactive High-Balance,Q4 (Highest),0.9293768037111845,Middle (5th-95th pct)
15601627,Siciliano,587,France,Male,33,8,148163.57,1,0,0,122925.4,0,Inactive Disengaged,Q4 (Highest),1.2053128970904305,Middle (5th-95th pct)
15811927,Marcelo,733,France,Female,38,3,157658.36,1,0,0,19658.43,0,Inactive Disengaged,Q4 (Highest),8.01988561650142,Top 5% (extreme high)
15587394,Thomson,462,France,Male,39,4,140133.08,2,0,0,131304.45,0,Inactive High-Balance,Q4 (Highest),1.0672378582751763,Middle (5th-95th pct)
15760865,Fan,754,Germany,Female,48,7,141819.02,1,1,0,93550.53,1,Inactive Disengaged,Q4 (Highest),1.5159616947119379,Middle (5th-95th pct)
15705009,Cartwright,649,France,Female,56,8,156974.26,1,1,0,89405.26,1,Inactive Disengaged,Q4 (Highest),1.7557609026583,Middle (5th-95th pct)
15657540,Cremonesi,578,France,Male,50,5,151215.34,2,1,0,169804.4,0,Inactive High-Balance,Q4 (Highest),0.8905266294630764,Middle (5th-95th pct)
15799924,Sanchez,668,Spain,Male,43,1,147167.25,1,0,0,141679.73,0,Inactive Disengaged,Q4 (Highest),1.0387318637606098,Middle (5th-95th pct)
15680685,Patterson,751,France,Male,30,3,165257.2,1,0,0,134822.05,0,Inactive Disengaged,Q4 (Highest),1.2257431184290701,Middle (5th-95th pct)
15747821,K?,554,Germany,Female,31,6,135470.9,1,1,0,107074.81,0,Inactive Disengaged,Q4 (Highest),1.2651986027339204,Middle (5th-95th pct)
15696605,Angelo,571,France,Male,49,4,180614.04,1,0,0,523.0,0,Inactive Disengaged,Q4 (Highest),345.34233269598474,Top 5% (extreme high)
15658240,Parry,554,France,Female,44,9,135814.7,2,0,0,115091.38,0,Inactive High-Balance,Q4 (Highest),1.1800597056008886,Middle (5th-95th pct)
15622631,H?,588,France,Male,44,8,154409.74,1,1,0,49324.03,1,Inactive Disengaged,Q4 (Highest),3.1305175185401515,Middle (5th-95th pct)
15702377,Knorr,627,Spain,Male,48,1,132759.8,1,1,0,78899.22,0,Inactive Disengaged,Q4 (Highest),1.6826503481276494,Middle (5th-95th pct)
15662854,Manna,681,Germany,Male,48,5,139714.4,2,0,0,73066.72,0,Inactive High-Balance,Q4 (Highest),1.9121482393078544,Middle (5th-95th pct)
15687688,Hou,564,Germany,Female,32,10,139875.2,2,1,0,15378.23,0,Inactive High-Balance,Q4 (Highest),9.095663154992481,Top 5% (extreme high)
15768600,Harris,805,Germany,Male,50,9,130023.38,1,1,0,62989.82,1,Inactive Disengaged,Q4 (Highest),2.064196722581522,Middle (5th-95th pct)
15796813,Storey,493,France,Male,54,3,167831.88,2,1,0,150159.95,1,Inactive High-Balance,Q4 (Highest),1.1176873726982461,Middle (5th-95th pct)
15605791,Li,524,Germany,Male,29,9,144287.6,2,1,0,32063.3,0,Inactive High-Balance,Q4 (Highest),4.500085767840491,Middle (5th-95th pct)
15714087,McGill,624,Germany,Female,45,5,151855.33,1,1,0,68794.15,0,Inactive Disengaged,Q4 (Highest),2.2073872560384857,Middle (5th-95th pct)
15748552,Sal,464,Germany,Male,37,4,155994.15,1,0,0,143665.44,0,Inactive Disengaged,Q4 (Highest),1.0858154194912848,Middle (5th-95th pct)
15618410,Murray,718,Germany,Male,26,7,147527.03,1,0,0,51099.56,0,Inactive Disengaged,Q4 (Highest),2.8870508865438373,Middle (5th-95th pct)
15678882,Hay,540,Germany,Male,37,3,129965.18,1,0,0,19374.08,0,Inactive Disengaged,Q4 (Highest),6.708198789310253,Middle (5th-95th pct)
15789611,Lin,568,Germany,Male,46,8,150836.92,1,0,0,64516.8,1,Inactive Disengaged,Q4 (Highest),2.3379479453413685,Middle (5th-95th pct)
15597709,Hornung,602,France,Female,39,6,154121.32,2,1,0,176614.86,1,Inactive High-Balance,Q4 (Highest),0.8726407279659255,Middle (5th-95th pct)
15815271,Ritchie,755,Germany,Male,43,6,165048.5,3,1,0,16929.41,1,Inactive High-Balance,Q4 (Highest),9.74921748601989,Top 5% (extreme high)
15789201,Thomson,603,Germany,Female,35,9,145623.36,1,1,0,163181.62,0,Inactive Disengaged,Q4 (Highest),0.8924005044195541,Middle (5th-95th pct)
15775750,Yao,686,France,Male,37,9,134560.62,1,1,0,27596.39,0,Inactive Disengaged,Q4 (Highest),4.876022552225128,Middle (5th-95th pct)
15766906,Salier,742,France,Female,25,4,132116.13,2,1,0,129933.5,0,Inactive High-Balance,Q4 (Highest),1.0167980543893607,Middle (5th-95th pct)
15672894,McCawley,625,France,Female,36,8,129944.39,2,0,0,198914.8,0,Inactive High-Balance,Q4 (Highest),0.6532665744328728,Middle (5th-95th pct)
15571415,Okwudiliolisa,805,Germany,Male,56,6,151802.29,1,1,0,46791.09,1,Inactive Disengaged,Q4 (Highest),3.244256331707597,Middle (5th-95th pct)
15600975,Chiemenam,556,France,Female,54,4,150005.38,1,1,0,157015.5,1,Inactive Disengaged,Q4 (Highest),0.9553539618700065,Middle (5th-95th pct)
15644453,Loggia,606,Germany,Female,41,4,132670.53,1,1,0,156476.36,1,Inactive Disengaged,Q4 (Highest),0.847863089351005,Middle (5th-95th pct)
15787693,Kharlamov,559,Spain,Male,38,3,145874.35,1,1,0,56311.39,1,Inactive Disengaged,Q4 (Highest),2.590494569571094,Middle (5th-95th pct)
15597536,Nkemjika,576,Spain,Male,45,5,133618.01,1,0,0,135244.87,0,Inactive Disengaged,Q4 (Highest),0.9879710040018524,Middle (5th-95th pct)
15788776,Landor,588,Germany,Male,49,6,132623.76,3,1,0,36292.94,1,Inactive High-Balance,Q4 (Highest),3.6542578253511566,Middle (5th-95th pct)
15661412,Wardell,715,France,Male,32,8,175307.32,1,1,0,187051.23,0,Inactive Disengaged,Q4 (Highest),0.9372155425013778,Middle (5th-95th pct)
15603683,Ofodile,796,Spain,Female,23,3,146584.19,2,0,0,125445.8,0,Inactive High-Balance,Q4 (Highest),1.1685061596322874,Middle (5th-95th pct)
15815443,Lo,527,Spain,Female,46,10,131414.76,1,1,0,54947.51,0,Inactive Disengaged,Q4 (Highest),2.3916417686624927,Middle (5th-95th pct)
15690372,Henry,553,Spain,Male,38,1,181110.13,2,1,0,184544.59,0,Inactive High-Balance,Q4 (Highest),0.9813895384307934,Middle (5th-95th pct)
15716082,Chukwubuikem,703,Spain,Male,39,6,152685.4,1,0,0,183656.12,0,Inactive Disengaged,Q4 (Highest),0.8313657067349566,Middle (5th-95th pct)
15654859,Ngozichukwuka,612,Spain,Female,63,2,131629.17,2,1,0,122109.58,1,Inactive High-Balance,Q4 (Highest),1.0779594033490247,Middle (5th-95th pct)
15659100,Lane,605,France,Male,33,9,128152.82,1,0,0,147822.81,0,Inactive Disengaged,Q4 (Highest),0.8669353532110505,Middle (5th-95th pct)
15780088,Porter,607,Spain,Male,34,9,132439.99,1,1,0,177747.72,0,Inactive Disengaged,Q4 (Highest),0.7451009216883344,Middle (5th-95th pct)
15732884,Trevisano,676,France,Male,29,7,131959.86,1,0,0,189268.81,0,Inactive Disengaged,Q4 (Highest),0.6972086948715955,Middle (5th-95th pct)
15638983,Jara,684,France,Female,38,5,133189.4,1,0,0,127388.06,0,Inactive Disengaged,Q4 (Highest),1.0455406888212286,Middle (5th-95th pct)
15697310,O'Callaghan,559,Germany,Female,28,3,152264.81,1,0,0,64242.31,0,Inactive Disengaged,Q4 (Highest),2.3701639931689877,Middle (5th-95th pct)
15740458,Murphy,703,Spain,Male,36,7,135095.47,1,1,0,143859.66,0,Inactive Disengaged,Q4 (Highest),0.9390781960696973,Middle (5th-95th pct)
15662152,Trevisan,552,France,Female,38,9,134105.01,1,0,0,57850.1,0,Inactive Disengaged,Q4 (Highest),2.3181465546299838,Middle (5th-95th pct)
15644400,Anderson,709,France,Male,44,9,128601.98,1,1,0,117031.2,0,Inactive Disengaged,Q4 (Highest),1.0988691904381054,Middle (5th-95th pct)
15585192,Cremonesi,686,Spain,Male,39,10,136258.06,1,0,0,89199.51,0,Inactive Disengaged,Q4 (Highest),1.5275651177904452,Middle (5th-95th pct)
15770995,Sinclair,753,Germany,Female,47,1,131160.85,1,1,0,197444.69,0,Inactive Disengaged,Q4 (Highest),0.6642916049046445,Middle (5th-95th pct)
15570990,Begley,520,Spain,Female,30,4,145222.99,2,0,0,145160.96,0,Inactive High-Balance,Q4 (Highest),1.0004273187501653,Middle (5th-95th pct)
15638989,Lettiere,711,France,Female,25,5,190066.54,1,0,0,51345.39,1,Inactive Disengaged,Q4 (Highest),3.7017255103135844,Middle (5th-95th pct)
15623210,Smith,484,Germany,Female,55,8,149349.58,3,0,0,137519.92,1,Inactive High-Balance,Q4 (Highest),1.0860214287501038,Middle (5th-95th pct)
15730287,Ugonna,679,France,Male,41,8,147726.98,3,1,0,172749.4,1,Inactive High-Balance,Q4 (Highest),0.8551519136969506,Middle (5th-95th pct)
15767231,Sun,757,France,Male,36,7,144852.06,1,0,0,130861.95,0,Inactive Disengaged,Q4 (Highest),1.1069073936312275,Middle (5th-95th pct)
15629750,Artyomova,697,France,Male,35,5,133087.76,1,1,0,64771.61,0,Inactive Disengaged,Q4 (Highest),2.054723666742266,Middle (5th-95th pct)
15746995,Greco,724,Germany,Male,31,9,138166.3,1,1,0,12920.43,0,Inactive Disengaged,Q4 (Highest),10.693630165559505,Top 5% (extreme high)
15734649,Martel,779,Spain,Female,55,0,133295.98,1,1,0,22832.71,1,Inactive Disengaged,Q4 (Highest),5.837939517472959,Middle (5th-95th pct)
15632503,Meng,563,France,Female,32,0,148326.09,1,1,0,191604.27,1,Inactive Disengaged,Q4 (Highest),0.7741272676230023,Middle (5th-95th pct)
15762716,Chigozie,762,Spain,Female,60,10,168920.75,1,1,0,31445.03,1,Inactive Disengaged,Q4 (Highest),5.371937950130752,Middle (5th-95th pct)
15567860,Burrows,581,Spain,Female,44,7,189318.16,2,1,0,45026.23,1,Inactive High-Balance,Q4 (Highest),4.204619396294116,Middle (5th-95th pct)
15623668,Johnson,653,Germany,Male,31,2,154741.45,2,0,0,25183.01,0,Inactive High-Balance,Q4 (Highest),6.1446765100756435,Middle (5th-95th pct)
15607988,Garland,663,Germany,Female,37,8,155303.71,1,1,0,118716.63,0,Inactive Disengaged,Q4 (Highest),1.3081883304807422,Middle (5th-95th pct)
15793317,Hale,547,Spain,Female,22,7,141287.15,1,1,0,118142.79,0,Inactive Disengaged,Q4 (Highest),1.1959015865462463,Middle (5th-95th pct)
15811690,Bayley,793,Germany,Male,54,2,128966.13,1,0,0,18633.4,1,Inactive Disengaged,Q4 (Highest),6.92123444996619,Middle (5th-95th pct)
15734008,Bartlett,727,Germany,Male,59,5,152581.06,1,1,0,71830.1,1,Inactive Disengaged,Q4 (Highest),2.124193896430605,Middle (5th-95th pct)
15617065,Pan,650,Spain,Male,42,4,194532.66,1,1,0,171045.31,1,Inactive Disengaged,Q4 (Highest),1.1373165391088478,Middle (5th-95th pct)
15689786,Massie,850,Germany,Male,56,1,169743.83,1,0,0,155850.4,1,Inactive Disengaged,Q4 (Highest),1.0891459373861088,Middle (5th-95th pct)
15802106,Craig,418,France,Male,34,8,155973.88,1,1,0,154208.96,0,Inactive Disengaged,Q4 (Highest),1.0114449899668607,Middle (5th-95th pct)
15711635,Chu,788,Germany,Female,42,6,138650.49,2,1,0,64746.07,0,Inactive High-Balance,Q4 (Highest),2.1414502841639655,Middle (5th-95th pct)
15795527,Zetticci,699,Spain,Male,43,2,136487.86,2,1,0,82815.93,0,Inactive High-Balance,Q4 (Highest),1.6480870286670692,Middle (5th-95th pct)
15713160,Lin,669,Spain,Male,25,7,157228.61,2,1,0,124382.9,0,Inactive High-Balance,Q4 (Highest),1.2640693375053966,Middle (5th-95th pct)
15683993,Knight,493,France,Female,37,8,142987.46,2,1,0,158840.99,0,Inactive High-Balance,Q4 (Highest),0.900192450324063,Middle (5th-95th pct)
15641733,Mishina,671,France,Female,34,5,164757.56,1,1,0,110748.88,0,Inactive Disengaged,Q4 (Highest),1.4876679565517954,Middle (5th-95th pct)
15751137,Lei,850,Germany,Female,36,3,169025.83,1,1,0,174235.06,0,Inactive Disengaged,Q4 (Highest),0.9701022859578319,Middle (5th-95th pct)
15624850,Grant,850,France,Male,30,10,153972.89,2,1,0,62811.03,0,Inactive High-Balance,Q4 (Highest),2.451367060849026,Middle (5th-95th pct)
15735106,Bishop,647,Spain,Male,28,6,149594.02,2,1,0,102325.19,0,Inactive High-Balance,Q4 (Highest),1.4619471510387616,Middle (5th-95th pct)
15672912,Loggia,737,Spain,Female,39,7,130051.66,2,0,0,55356.39,1,Inactive High-Balance,Q4 (Highest),2.349352260868167,Middle (5th-95th pct)
15690898,Bogolyubova,696,France,Male,44,8,161889.79,1,0,0,75562.47,0,Inactive Disengaged,Q4 (Highest),2.1424629184302737,Middle (5th-95th pct)
15764922,Tu,596,Spain,Male,20,3,187294.46,1,1,0,103456.47,0,Inactive Disengaged,Q4 (Highest),1.8103697139482915,Middle (5th-95th pct)
15808386,Cocci,721,Germany,Female,45,7,138523.2,1,0,0,59604.45,1,Inactive Disengaged,Q4 (Highest),2.3240412418871412,Middle (5th-95th pct)
15769548,Hyde,668,France,Female,37,7,128645.67,1,1,0,92149.64,0,Inactive Disengaged,Q4 (Highest),1.3960517914123158,Middle (5th-95th pct)
15677395,Nwabugwu,633,France,Female,39,9,129189.15,2,0,0,170998.83,0,Inactive High-Balance,Q4 (Highest),0.7554972744550358,Middle (5th-95th pct)
15640521,Chidumaga,552,Germany,Male,33,3,144962.74,1,1,0,58844.84,1,Inactive Disengaged,Q4 (Highest),2.4634741125984876,Middle (5th-95th pct)
15754578,Okeke,606,France,Female,35,0,135984.15,2,1,0,186778.89,0,Inactive High-Balance,Q4 (Highest),0.7280488175082311,Middle (5th-95th pct)
15647898,Russell,610,Spain,Female,50,5,130554.51,3,1,0,184758.17,1,Inactive High-Balance,Q4 (Highest),0.7066237449743088,Middle (5th-95th pct)
15604130,Johnstone,622,Spain,Female,47,6,142319.03,1,0,0,100183.05,0,Inactive Disengaged,Q4 (Highest),1.4205899101694348,Middle (5th-95th pct)
15593834,Genovese,691,Spain,Male,36,7,129934.64,1,0,0,75664.56,1,Inactive Disengaged,Q4 (Highest),1.7172456960035187,Middle (5th-95th pct)
15622083,Paterson,647,Germany,Male,30,6,143138.91,2,1,0,2955.46,0,Inactive High-Balance,Q4 (Highest),48.43202411807299,Top 5% (extreme high)
15667934,Moretti,512,France,Male,36,0,129804.17,1,1,0,53020.9,0,Inactive Disengaged,Q4 (Highest),2.4481698726351304,Middle (5th-95th pct)
15799859,Lucchesi,704,France,Male,50,4,165438.26,1,1,0,120770.75,1,Inactive Disengaged,Q4 (Highest),1.369853710438993,Middle (5th-95th pct)
15599152,Lai,698,France,Male,31,1,156111.24,1,0,0,134790.74,0,Inactive Disengaged,Q4 (Highest),1.1581748123053557,Middle (5th-95th pct)
15671987,Meagher,567,Spain,Male,35,8,153137.74,1,1,0,88659.07,0,Inactive Disengaged,Q4 (Highest),1.7272653548023906,Middle (5th-95th pct)
15812766,Golubeva,490,Spain,Male,40,6,156111.08,1,0,0,190889.13,0,Inactive Disengaged,Q4 (Highest),0.81781021266114,Middle (5th-95th pct)
15750104,Chan,718,Germany,Male,43,5,132615.73,2,1,0,32999.1,0,Inactive High-Balance,Q4 (Highest),4.018768087614511,Middle (5th-95th pct)
15771409,McGregor,586,France,Male,58,7,151933.63,1,1,0,162960.05,1,Inactive Disengaged,Q4 (Highest),0.9323366677906642,Middle (5th-95th pct)
15642063,Kelechi,692,France,Male,40,6,163505.16,1,0,0,90424.09,0,Inactive Disengaged,Q4 (Highest),1.8082035439892181,Middle (5th-95th pct)
15752578,Yefimova,626,France,Female,37,2,133968.96,2,1,0,148689.65,0,Inactive High-Balance,Q4 (Highest),0.9009972113055617,Middle (5th-95th pct)
15791944,Harker,697,France,Male,32,7,175464.85,3,1,0,116442.42,1,Inactive High-Balance,Q4 (Highest),1.5068808257334398,Middle (5th-95th pct)
15656417,Marsh,582,France,Female,39,1,132077.48,2,1,0,192255.15,0,Inactive High-Balance,Q4 (Highest),0.6869905955705219,Middle (5th-95th pct)
15649101,Reeves,601,France,Male,40,10,127847.86,1,0,0,173245.68,0,Inactive Disengaged,Q4 (Highest),0.7379569868639726,Middle (5th-95th pct)
15609758,Geoghegan,537,France,Female,45,7,158621.04,1,1,0,120892.96,1,Inactive Disengaged,Q4 (Highest),1.3120783873601904,Middle (5th-95th pct)
15620570,Sinnett,736,France,Male,43,4,202443.47,1,1,0,72375.03,0,Inactive Disengaged,Q4 (Highest),2.7971452308897145,Middle (5th-95th pct)
15673238,McCarthy,517,Germany,Female,59,8,154110.99,2,1,0,101240.08,1,Inactive High-Balance,Q4 (Highest),1.5222329930991756,Middle (5th-95th pct)
15572361,Chill,790,Germany,Female,34,2,164011.48,1,1,0,199420.41,0,Inactive Disengaged,Q4 (Highest),0.8224407922940286,Middle (5th-95th pct)
15698522,Thomas,660,Germany,Male,39,9,134599.33,2,1,0,183095.87,0,Inactive High-Balance,Q4 (Highest),0.7351303445566522,Middle (5th-95th pct)
15810716,Kerr,750,Germany,Male,42,8,151836.36,2,1,0,68695.38,0,Inactive High-Balance,Q4 (Highest),2.210284883786944,Middle (5th-95th pct)
15569394,Bailey,704,France,Male,24,2,148197.15,2,1,0,182775.08,0,Inactive High-Balance,Q4 (Highest),0.8108170435488252,Middle (5th-95th pct)
15660871,Ch'ang,665,France,Male,28,8,137300.23,1,1,0,90174.83,0,Inactive Disengaged,Q4 (Highest),1.5226003752931945,Middle (5th-95th pct)
15618258,Chizuoke,640,Spain,Male,37,5,158024.38,1,1,0,81298.09,0,Inactive Disengaged,Q4 (Highest),1.9437649765203588,Middle (5th-95th pct)
15711977,Finch,695,France,Male,36,4,161533.0,1,1,0,100940.91,0,Inactive Disengaged,Q4 (Highest),1.600272872515217,Middle (5th-95th pct)
15690169,Meng,645,France,Male,31,7,161171.7,2,1,0,12599.94,1,Inactive High-Balance,Q4 (Highest),12.791465673646066,Top 5% (extreme high)
15592412,Sun,713,Germany,Male,45,4,131038.14,1,1,0,74005.04,1,Inactive Disengaged,Q4 (Highest),1.7706650790270502,Middle (5th-95th pct)
15602043,Buccho,770,Germany,Female,46,5,141788.63,2,0,0,164967.21,0,Inactive High-Balance,Q4 (Highest),0.8594958355663529,Middle (5th-95th pct)
15715184,Capon,752,Spain,Female,31,4,144637.86,2,1,0,40496.72,0,Inactive High-Balance,Q4 (Highest),3.571594440241086,Middle (5th-95th pct)
15806081,Fleming,608,Germany,Female,48,2,127924.25,2,1,0,32202.61,0,Inactive High-Balance,Q4 (Highest),3.972480802021948,Middle (5th-95th pct)
15631756,Tuan,482,France,Female,35,5,147813.05,2,0,0,109029.72,0,Inactive High-Balance,Q4 (Highest),1.355713377967035,Middle (5th-95th pct)
15757617,Lewis,735,France,Male,55,6,134140.68,1,1,0,2267.88,0,Inactive Disengaged,Q4 (Highest),59.14805016138419,Top 5% (extreme high)
15681007,Yen,850,France,Female,35,2,128548.49,4,1,0,75478.95,1,Inactive High-Balance,Q4 (Highest),1.7031038455092449,Middle (5th-95th pct)
15629273,Lin,638,Germany,Male,42,8,145177.84,1,1,0,193471.74,1,Inactive Disengaged,Q4 (Highest),0.750382665706113,Middle (5th-95th pct)
15596013,Akhtar,694,Germany,Female,58,1,143212.22,1,0,0,102628.56,1,Inactive Disengaged,Q4 (Highest),1.3954421654167222,Middle (5th-95th pct)
15566563,Duigan,777,France,Female,30,4,137851.31,1,1,0,5008.23,1,Inactive Disengaged,Q4 (Highest),27.52495592255148,Top 5% (extreme high)
15614168,Alexander,792,Germany,Female,50,4,146710.76,1,1,0,16528.4,1,Inactive Disengaged,Q4 (Highest),8.876283245807217,Top 5% (extreme high)
15570299,Martin,584,Germany,Female,31,6,152622.34,1,1,0,99298.8,0,Inactive Disengaged,Q4 (Highest),1.5370008499599188,Middle (5th-95th pct)
15774164,Coles,502,Germany,Male,33,5,174673.65,2,1,0,33300.56,0,Inactive High-Balance,Q4 (Highest),5.245366744583275,Middle (5th-95th pct)
15798844,Chijindum,678,France,Male,54,7,128914.97,1,0,0,191746.23,1,Inactive Disengaged,Q4 (Highest),0.6723207543637233,Middle (5th-95th pct)
15649033,Echezonachukwu,603,Germany,Female,55,7,127723.25,2,1,0,139469.11,1,Inactive High-Balance,Q4 (Highest),0.9157816379555301,Middle (5th-95th pct)
15771059,Welch,756,Germany,Female,34,2,148200.72,1,0,0,194584.48,0,Inactive Disengaged,Q4 (Highest),0.7616266209925889,Middle (5th-95th pct)
15695280,Hung,532,Germany,Male,24,8,142755.25,1,0,0,34231.48,0,Inactive Disengaged,Q4 (Highest),4.170291497767551,Middle (5th-95th pct)
15598338,Mays,647,Germany,Female,33,3,168560.46,2,0,0,90270.16,0,Inactive High-Balance,Q4 (Highest),1.8672888139336408,Middle (5th-95th pct)
15637977,Barese,542,Germany,Male,25,8,139330.1,1,0,0,54372.37,0,Inactive Disengaged,Q4 (Highest),2.5625165870091737,Middle (5th-95th pct)
15761018,Tan,581,Germany,Male,50,2,143829.2,2,1,0,181224.24,1,Inactive High-Balance,Q4 (Highest),0.7936532110715433,Middle (5th-95th pct)
15598521,Ma,580,Germany,Female,33,7,131647.01,2,0,0,79775.19,0,Inactive High-Balance,Q4 (Highest),1.6502249634253456,Middle (5th-95th pct)
15775104,Gomes,697,France,Female,38,1,182065.85,1,1,0,49503.5,0,Inactive Disengaged,Q4 (Highest),3.677837930651368,Middle (5th-95th pct)
15616530,Foran,638,France,Male,36,6,188455.19,1,0,0,47031.4,1,Inactive Disengaged,Q4 (Highest),4.007007871337022,Middle (5th-95th pct)
15745433,Conti,716,Germany,Female,30,2,205770.78,2,0,0,65464.66,0,Inactive High-Balance,Q4 (Highest),3.1432345329525884,Middle (5th-95th pct)
15622182,Daniels,628,Germany,Female,28,3,153538.13,2,1,0,110776.01,0,Inactive High-Balance,Q4 (Highest),1.3860232915050832,Middle (5th-95th pct)
15649450,Repina,805,Germany,Male,24,6,143221.35,2,1,0,186035.72,0,Inactive High-Balance,Q4 (Highest),0.7698594119451899,Middle (5th-95th pct)
15774250,Gallo,532,France,Male,42,1,159024.71,1,1,0,100982.93,1,Inactive Disengaged,Q4 (Highest),1.574768230630662,Middle (5th-95th pct)
15785326,Randall,639,Spain,Female,35,5,136526.26,2,1,0,59653.03,0,Inactive High-Balance,Q4 (Highest),2.288672679325761,Middle (5th-95th pct)
15627517,Taylor,497,Spain,Male,27,7,149400.27,1,0,0,167522.19,0,Inactive Disengaged,Q4 (Highest),0.8918237637652658,Middle (5th-95th pct)
15678206,Yeh,464,France,Male,46,6,161798.53,1,1,0,182944.47,0,Inactive Disengaged,Q4 (Highest),0.8844133413816772,Middle (5th-95th pct)
15793331,Blair,812,France,Male,32,5,133050.97,2,1,0,89385.92,0,Inactive High-Balance,Q4 (Highest),1.4885003141434356,Middle (5th-95th pct)
15643635,Robertson,664,Spain,Male,32,5,133705.74,1,0,0,134455.84,0,Inactive Disengaged,Q4 (Highest),0.9944212166611729,Middle (5th-95th pct)
15754494,Ah Mouy,585,France,Female,33,4,152805.05,1,1,0,63239.65,0,Inactive Disengaged,Q4 (Highest),2.4162855107515613,Middle (5th-95th pct)
15601719,Fiorentino,465,Germany,Male,24,6,156007.09,1,1,0,191368.37,0,Inactive Disengaged,Q4 (Highest),0.8152187845880696,Middle (5th-95th pct)
15772482,Iloerika,829,Germany,Male,28,3,132405.52,3,1,0,104889.2,1,Inactive High-Balance,Q4 (Highest),1.2623370184918943,Middle (5th-95th pct)
15591489,Davison,826,France,Male,26,5,142662.68,1,0,0,60285.3,0,Inactive Disengaged,Q4 (Highest),2.366458821636452,Middle (5th-95th pct)
15665180,Vasiliev,616,France,Female,31,3,136789.14,1,1,0,59346.4,1,Inactive Disengaged,Q4 (Highest),2.3049273418438188,Middle (5th-95th pct)
15769412,Atkinson,684,Spain,Male,39,4,207034.96,2,0,0,157694.76,1,Inactive High-Balance,Q4 (Highest),1.3128842074397398,Middle (5th-95th pct)
15616525,Sopuluchi,720,Spain,Male,31,4,141356.47,1,0,0,137985.69,0,Inactive Disengaged,Q4 (Highest),1.0244284751556483,Middle (5th-95th pct)
15800524,Nnanna,686,Germany,Male,29,3,185379.02,1,1,0,64679.07,0,Inactive Disengaged,Q4 (Highest),2.8661361395579745,Middle (5th-95th pct)
15736078,Ting,730,Germany,Female,33,7,130367.87,1,1,0,15142.1,1,Inactive Disengaged,Q4 (Highest),8.609629443736337,Top 5% (extreme high)
15776596,Ferri,730,Spain,Female,39,6,140094.59,1,1,0,172450.04,1,Inactive Disengaged,Q4 (Highest),0.8123778341831639,Middle (5th-95th pct)
15663888,Connor,549,Germany,Male,34,6,204017.4,2,1,0,109538.35,0,Inactive High-Balance,Q4 (Highest),1.8625202954033906,Middle (5th-95th pct)
15690829,Sandefur,430,Germany,Male,49,3,137115.16,1,1,0,146516.86,1,Inactive Disengaged,Q4 (Highest),0.935831958178738,Middle (5th-95th pct)
15695819,Bidwill,504,Germany,Male,43,5,134740.19,2,1,0,181430.91,0,Inactive High-Balance,Q4 (Highest),0.7426528919465818,Middle (5th-95th pct)
15583764,Wilkes,791,Germany,Male,31,1,130240.33,1,0,0,96546.55,0,Inactive Disengaged,Q4 (Highest),1.3489899949816953,Middle (5th-95th pct)
15745250,Simpson,850,France,Male,58,8,156652.13,1,0,0,25899.21,1,Inactive Disengaged,Q4 (Highest),6.04852927946451,Middle (5th-95th pct)
15668775,Pendred,757,France,Male,47,3,130747.1,1,1,0,143829.54,0,Inactive Disengaged,Q4 (Highest),0.9090420507497973,Middle (5th-95th pct)
15774847,Knight,593,France,Male,50,6,171740.69,1,0,0,20893.61,0,Inactive Disengaged,Q4 (Highest),8.219771020900648,Top 5% (extreme high)
15584620,Su,850,Germany,Female,36,6,143644.16,1,1,0,22102.25,1,Inactive Disengaged,Q4 (Highest),6.499074076168716,Middle (5th-95th pct)
15594391,Samaniego,770,France,Female,68,2,183555.24,1,0,0,159557.28,1,Inactive Disengaged,Q4 (Highest),1.1504034162527714,Middle (5th-95th pct)
15733872,Marino,791,Germany,Female,33,10,130229.71,2,0,0,54019.93,1,Inactive High-Balance,Q4 (Highest),2.4107715430212515,Middle (5th-95th pct)
15814675,Chien,642,Germany,Female,39,8,128264.03,1,1,0,61792.76,1,Inactive Disengaged,Q4 (Highest),2.0757129152347296,Middle (5th-95th pct)
15692106,Rose,606,Spain,Female,25,3,147386.72,3,1,0,45482.04,1,Inactive High-Balance,Q4 (Highest),3.240547697508731,Middle (5th-95th pct)
15576990,Taplin,790,Germany,Female,25,5,152885.77,1,1,0,58214.79,0,Inactive Disengaged,Q4 (Highest),2.626235875797198,Middle (5th-95th pct)
15647333,Fleming,621,France,Male,27,4,137003.68,1,1,0,21254.06,0,Inactive Disengaged,Q4 (Highest),6.446000434740467,Middle (5th-95th pct)
15813503,Pickering,606,Spain,Male,37,8,154712.58,2,1,0,89099.18,0,Inactive High-Balance,Q4 (Highest),1.7364085730081915,Middle (5th-95th pct)
15588859,Rowley,496,Spain,Female,44,0,179356.28,2,1,0,2919.21,1,Inactive High-Balance,Q4 (Highest),61.4400060290284,Top 5% (extreme high)
15606601,Rishel,561,France,Female,22,6,186788.96,2,1,0,73286.8,0,Inactive High-Balance,Q4 (Highest),2.548739472865509,Middle (5th-95th pct)
15610711,Eluemuno,678,Germany,Female,40,8,128644.46,1,0,0,167673.37,0,Inactive Disengaged,Q4 (Highest),0.7672325068673697,Middle (5th-95th pct)
15771674,Ma,603,Spain,Female,39,5,162390.52,2,1,0,54702.66,0,Inactive High-Balance,Q4 (Highest),2.968603720550335,Middle (5th-95th pct)
15623314,Tucker,506,Germany,Female,59,3,190353.08,1,1,0,78365.75,0,Inactive Disengaged,Q4 (Highest),2.4290341124789845,Middle (5th-95th pct)
15733888,Sells,668,Spain,Female,36,3,133686.52,1,1,0,190958.48,1,Inactive Disengaged,Q4 (Highest),0.7000816093634594,Middle (5th-95th pct)
15570141,P'eng,724,France,Female,34,3,132352.69,1,1,0,80320.3,0,Inactive Disengaged,Q4 (Highest),1.647811200904379,Middle (5th-95th pct)
15800793,St Clair,477,Germany,Female,39,4,182491.57,1,1,0,185830.72,0,Inactive Disengaged,Q4 (Highest),0.9820312271297232,Middle (5th-95th pct)
15636551,Nixon,711,France,Female,29,3,130181.47,2,1,0,31811.44,0,Inactive High-Balance,Q4 (Highest),4.0922847252434975,Middle (5th-95th pct)
15727177,Manfrin,557,France,Male,42,6,177822.03,1,1,0,150944.31,1,Inactive Disengaged,Q4 (Highest),1.1780638170461675,Middle (5th-95th pct)
15804142,Tan,670,Spain,Female,57,3,175575.95,2,1,0,99061.75,1,Inactive High-Balance,Q4 (Highest),1.772388939222253,Middle (5th-95th pct)
15632609,Burdekin,554,France,Female,39,10,160132.75,1,1,0,32824.15,0,Inactive Disengaged,Q4 (Highest),4.8785040892148,Middle (5th-95th pct)
15670528,Franz,787,Germany,Male,43,0,132217.45,1,1,0,20955.03,1,Inactive Disengaged,Q4 (Highest),6.309580563711911,Middle (5th-95th pct)
15732704,Piazza,582,Spain,Male,25,9,148042.97,2,1,0,52341.15,0,Inactive High-Balance,Q4 (Highest),2.8284240984388,Middle (5th-95th pct)
15677796,Becher,766,Germany,Male,47,9,129289.98,1,1,0,169935.46,1,Inactive Disengaged,Q4 (Highest),0.7608181364854634,Middle (5th-95th pct)
15753955,Lori,639,Spain,Male,34,7,149940.04,2,0,0,156648.81,0,Inactive High-Balance,Q4 (Highest),0.9571731824837993,Middle (5th-95th pct)
15708139,Brown,575,France,Female,40,1,139532.34,1,1,0,181294.39,0,Inactive Disengaged,Q4 (Highest),0.7696451059517064,Middle (5th-95th pct)
15618562,Woodward,618,Germany,Female,40,0,140306.38,1,1,0,160618.61,1,Inactive Disengaged,Q4 (Highest),0.8735375060212514,Middle (5th-95th pct)
15705739,Toscani,753,Germany,Male,32,5,159904.79,1,1,0,148811.14,0,Inactive Disengaged,Q4 (Highest),1.074548518343452,Middle (5th-95th pct)
15765283,Wenz,624,Germany,Female,40,3,149961.99,2,1,0,104610.86,0,Inactive High-Balance,Q4 (Highest),1.433522198364491,Middle (5th-95th pct)
15701741,Williams,711,France,Female,39,3,152462.79,1,1,0,90305.97,0,Inactive Disengaged,Q4 (Highest),1.6882913720986554,Middle (5th-95th pct)
15636069,Plummer,632,Spain,Male,28,7,155519.59,1,1,0,1843.24,0,Inactive Disengaged,Q4 (Highest),84.37294655063909,Top 5% (extreme high)
15569430,Burrows,704,Spain,Female,36,2,175509.8,2,1,0,152039.67,0,Inactive High-Balance,Q4 (Highest),1.1543684618626175,Middle (5th-95th pct)
15765402,H?,520,France,Female,39,6,145644.05,1,0,0,104118.93,0,Inactive Disengaged,Q4 (Highest),1.3988239218363077,Middle (5th-95th pct)
15624343,Napolitani,650,Spain,Female,50,7,129667.77,1,0,0,42028.16,0,Inactive Disengaged,Q4 (Highest),3.0852592642647214,Middle (5th-95th pct)
15687171,Birch,638,Spain,Male,34,5,146679.77,1,1,0,102179.86,0,Inactive Disengaged,Q4 (Highest),1.4355056857584263,Middle (5th-95th pct)
15695197,Tochukwu,553,Germany,Female,25,7,128524.19,2,1,0,20682.46,0,Inactive High-Balance,Q4 (Highest),6.21416359562644,Middle (5th-95th pct)
15591698,P'eng,849,Germany,Female,49,9,132934.89,1,1,0,171056.65,1,Inactive Disengaged,Q4 (Highest),0.7771395616598362,Middle (5th-95th pct)
15757759,Okwuoma,807,Spain,Female,28,7,165969.26,3,1,0,156122.13,1,Inactive High-Balance,Q4 (Highest),1.0630732491287431,Middle (5th-95th pct)
15641413,Crawford,587,Germany,Female,49,7,155393.98,2,1,0,13308.2,1,Inactive High-Balance,Q4 (Highest),11.67655881336319,Top 5% (extreme high)
15669994,Greece,556,Germany,Female,31,1,128663.81,2,1,0,125083.29,0,Inactive High-Balance,Q4 (Highest),1.0286250865323419,Middle (5th-95th pct)
15593501,Graham,493,France,Female,36,5,148667.81,2,1,0,56092.51,0,Inactive High-Balance,Q4 (Highest),2.6504039487624995,Middle (5th-95th pct)
15660608,Chimaraoke,699,France,Male,44,8,158697.61,1,1,0,107181.22,0,Inactive Disengaged,Q4 (Highest),1.480647542545233,Middle (5th-95th pct)
15752507,K?,769,Germany,Male,60,9,148846.39,1,1,0,192831.67,1,Inactive Disengaged,Q4 (Highest),0.7718980497342579,Middle (5th-95th pct)
15582116,Ma,767,Germany,Female,45,7,132746.2,2,1,0,26628.88,1,Inactive High-Balance,Q4 (Highest),4.985046310622152,Middle (5th-95th pct)
15766683,Coombes,549,Germany,Male,36,6,139422.37,1,0,0,83983.39,1,Inactive Disengaged,Q4 (Highest),1.6601183876954717,Middle (5th-95th pct)
15658258,Trejo,693,France,Male,43,6,128760.32,1,1,0,36342.79,0,Inactive Disengaged,Q4 (Highest),3.542939878859053,Middle (5th-95th pct)
15756321,Johnston,612,Spain,Female,52,5,144772.69,1,0,0,98302.57,1,Inactive Disengaged,Q4 (Highest),1.472725382459482,Middle (5th-95th pct)
15684669,Parkes,567,France,Female,41,9,137891.35,1,1,0,142009.46,1,Inactive Disengaged,Q4 (Highest),0.9710011572468483,Middle (5th-95th pct)
15730705,Chidubem,715,France,Male,37,9,165252.52,1,1,0,85286.3,0,Inactive Disengaged,Q4 (Highest),1.9376209309115295,Middle (5th-95th pct)
15601569,Ndubueze,598,France,Female,40,2,171178.25,1,1,0,137980.58,1,Inactive Disengaged,Q4 (Highest),1.2405966839681353,Middle (5th-95th pct)
15772383,Toscani,613,France,Male,36,9,131307.11,1,0,0,83343.73,0,Inactive Disengaged,Q4 (Highest),1.5754887620220501,Middle (5th-95th pct)
15574830,Townsley,633,Germany,Male,58,2,128137.42,2,1,0,147635.33,1,Inactive High-Balance,Q4 (Highest),0.8679319509767751,Middle (5th-95th pct)
15589949,Maclean,433,Spain,Male,34,9,152806.74,1,1,0,19687.99,0,Inactive Disengaged,Q4 (Highest),7.761419017380645,Top 5% (extreme high)
15585985,Wang,746,France,Male,48,5,165282.42,1,1,0,153786.46,1,Inactive Disengaged,Q4 (Highest),1.074752744812515,Middle (5th-95th pct)
15699257,Kerr,651,Spain,Male,42,2,143145.87,2,1,0,43612.06,0,Inactive High-Balance,Q4 (Highest),3.2822542663657712,Middle (5th-95th pct)
15743245,Agafonova,624,France,Male,42,3,145155.37,1,1,0,72169.95,1,Inactive Disengaged,Q4 (Highest),2.0112993011634344,Middle (5th-95th pct)
15791535,Caraway,592,France,Male,28,5,137222.77,1,0,0,39608.58,0,Inactive Disengaged,Q4 (Highest),3.464470829300116,Middle (5th-95th pct)
15769353,Jenkins,550,France,Female,40,8,150490.32,1,0,0,166468.21,1,Inactive Disengaged,Q4 (Highest),0.904018370834888,Middle (5th-95th pct)
15770091,Edwards,643,Germany,Male,28,9,160858.13,2,1,0,27149.27,0,Inactive High-Balance,Q4 (Highest),5.924952309951612,Middle (5th-95th pct)
15676576,Stephenson,646,France,Female,43,8,143061.88,1,1,0,61937.6,0,Inactive Disengaged,Q4 (Highest),2.3097743535429207,Middle (5th-95th pct)
15648030,Crump,731,Spain,Female,33,5,137388.01,2,1,0,165000.68,0,Inactive High-Balance,Q4 (Highest),0.8326511745284929,Middle (5th-95th pct)
15686957,Piccio,553,Germany,Male,35,2,158584.28,2,1,0,43640.16,0,Inactive High-Balance,Q4 (Highest),3.6339069334301244,Middle (5th-95th pct)
15575445,Ferguson,629,Spain,Male,41,10,150148.51,1,0,0,6936.27,0,Inactive Disengaged,Q4 (Highest),21.646866399376034,Top 5% (extreme high)
15647292,Peng,697,France,Male,63,7,148368.02,1,0,0,118862.08,1,Inactive Disengaged,Q4 (Highest),1.2482367799722165,Middle (5th-95th pct)
15728838,Leach,578,France,Male,45,1,148600.91,1,1,0,143397.14,1,Inactive Disengaged,Q4 (Highest),1.036289217483696,Middle (5th-95th pct)
15749068,Nickson,632,France,Female,40,9,139625.34,1,1,0,93702.96,1,Inactive Disengaged,Q4 (Highest),1.4900846248613704,Middle (5th-95th pct)
15795290,Nikitina,767,France,Female,42,2,133616.39,1,1,0,28615.8,0,Inactive Disengaged,Q4 (Highest),4.669322192634839,Middle (5th-95th pct)
15722599,Nelson,751,France,Female,37,9,183613.66,2,0,0,49734.94,0,Inactive High-Balance,Q4 (Highest),3.6918444055627693,Middle (5th-95th pct)
15707011,Morrison,495,France,Male,47,10,137682.68,1,1,0,71071.47,0,Inactive Disengaged,Q4 (Highest),1.937242609446519,Middle (5th-95th pct)
15801915,Rendall,529,France,Female,31,6,152310.55,1,1,0,13054.25,0,Inactive Disengaged,Q4 (Highest),11.667506750675066,Top 5% (extreme high)
15694039,Jen,650,Germany,Female,46,9,149003.76,2,1,0,176902.83,0,Inactive High-Balance,Q4 (Highest),0.8422915563306704,Middle (5th-95th pct)
15755405,Hudson,710,France,Male,43,9,128284.45,1,1,0,32996.89,1,Inactive Disengaged,Q4 (Highest),3.887773969001321,Middle (5th-95th pct)
15702541,Fraser,551,France,Female,59,2,166968.28,1,1,0,159483.76,1,Inactive Disengaged,Q4 (Highest),1.0469296685756593,Middle (5th-95th pct)
15809515,Lewis,797,Germany,Male,32,1,151922.94,1,1,0,8877.06,0,Inactive Disengaged,Q4 (Highest),17.114105345688778,Top 5% (extreme high)
15666197,Boni,430,Germany,Female,38,8,153058.64,1,1,0,99377.27,0,Inactive Disengaged,Q4 (Highest),1.5401775476424338,Middle (5th-95th pct)
15786042,Willmore,706,Germany,Female,44,2,185932.18,2,1,0,65413.41,0,Inactive High-Balance,Q4 (Highest),2.8424168683454965,Middle (5th-95th pct)
15611365,Fanucci,730,France,Female,32,9,127661.69,1,0,0,60905.51,0,Inactive Disengaged,Q4 (Highest),2.0960614236708635,Middle (5th-95th pct)
15700540,Barrera,557,Germany,Female,38,2,129893.56,1,0,0,102076.03,0,Inactive Disengaged,Q4 (Highest),1.2725177497596645,Middle (5th-95th pct)
15757829,Timperley,609,Germany,Female,40,10,137389.77,2,1,0,170122.22,0,Inactive High-Balance,Q4 (Highest),0.8075945047037358,Middle (5th-95th pct)
15590676,Kharlamova,735,France,Male,34,1,141796.43,1,1,0,45858.49,0,Inactive Disengaged,Q4 (Highest),3.0920431527509953,Middle (5th-95th pct)
15595350,Fermin,661,France,Female,31,3,136067.82,2,1,0,65567.91,0,Inactive High-Balance,Q4 (Highest),2.075219722574656,Middle (5th-95th pct)
15714241,Haddon,749,Spain,Male,42,9,222267.63,1,0,0,101108.85,1,Inactive Disengaged,Q4 (Highest),2.198300445509963,Middle (5th-95th pct)
15642530,Coates,706,Germany,Female,47,10,144090.42,1,1,0,140938.95,1,Inactive Disengaged,Q4 (Highest),1.0223605326987324,Middle (5th-95th pct)
15673971,Houghton,655,Germany,Female,44,6,146498.76,1,1,0,64853.51,1,Inactive Disengaged,Q4 (Highest),2.2589179830050834,Middle (5th-95th pct)
15602934,Dunn,452,France,Female,33,6,131698.57,2,1,0,151623.91,0,Inactive High-Balance,Q4 (Highest),0.8685870849788797,Middle (5th-95th pct)
15723064,Kistler,603,Spain,Male,24,1,165149.13,2,1,0,21858.28,0,Inactive High-Balance,Q4 (Highest),7.555449468119176,Top 5% (extreme high)
15590810,Fallaci,638,Germany,Female,41,9,144326.09,1,1,0,73979.85,1,Inactive Disengaged,Q4 (Highest),1.9508837879503673,Middle (5th-95th pct)
15603247,Bruner,743,Germany,Female,35,1,146781.24,1,1,0,189307.7,0,Inactive Disengaged,Q4 (Highest),0.7753580018139778,Middle (5th-95th pct)
15570485,Udegbunam,558,Spain,Male,40,4,161766.87,1,0,0,92378.54,0,Inactive Disengaged,Q4 (Highest),1.7511304032300143,Middle (5th-95th pct)
15714832,Baker,652,Germany,Male,36,9,150956.71,1,0,0,72350.17,0,Inactive Disengaged,Q4 (Highest),2.0864734664756144,Middle (5th-95th pct)
15810444,Aksenov,562,Germany,Female,39,6,130565.02,1,1,0,9854.72,1,Inactive Disengaged,Q4 (Highest),13.248983228341345,Top 5% (extreme high)
15630244,Chu,457,France,Male,40,10,134320.23,2,1,0,150757.35,0,Inactive High-Balance,Q4 (Highest),0.8909696940149187,Middle (5th-95th pct)
15689953,Toscani,697,Spain,Male,43,10,128226.37,1,0,0,188486.94,0,Inactive Disengaged,Q4 (Highest),0.6802931280013352,Middle (5th-95th pct)
15761713,Johnstone,678,France,Female,43,7,178074.33,1,0,0,110405.9,0,Inactive Disengaged,Q4 (Highest),1.612905922600151,Middle (5th-95th pct)
15769246,Lo Duca,813,Germany,Male,59,2,135078.41,1,1,0,187636.06,1,Inactive Disengaged,Q4 (Highest),0.7198957918856322,Middle (5th-95th pct)
15733597,Y?an,669,France,Female,41,0,150219.41,2,0,0,107839.03,0,Inactive High-Balance,Q4 (Highest),1.3929966729114682,Middle (5th-95th pct)
15675794,Hsing,645,Germany,Male,47,9,152076.93,1,1,0,121840.2,1,Inactive Disengaged,Q4 (Highest),1.2481671074079,Middle (5th-95th pct)
15777046,Parry,580,France,Female,39,9,128362.59,1,1,0,86044.98,0,Inactive Disengaged,Q4 (Highest),1.4918080055338498,Middle (5th-95th pct)
15740442,May,603,France,Male,51,8,186825.57,1,1,0,93739.71,1,Inactive Disengaged,Q4 (Highest),1.9930248344058243,Middle (5th-95th pct)
15710671,Gordon,786,France,Male,34,3,137361.96,1,0,0,183682.09,0,Inactive Disengaged,Q4 (Highest),0.7478244612743681,Middle (5th-95th pct)
15656522,Sutherland,593,Spain,Male,32,10,158537.42,1,1,0,166850.57,0,Inactive Disengaged,Q4 (Highest),0.9501760767134328,Middle (5th-95th pct)
15744873,Wright,657,Germany,Female,48,5,143595.87,1,0,0,101314.65,1,Inactive Disengaged,Q4 (Highest),1.4173258260281214,Middle (5th-95th pct)
15624703,Okonkwo,550,Germany,Male,35,9,129847.75,2,1,0,197325.4,0,Inactive High-Balance,Q4 (Highest),0.6580387015559072,Middle (5th-95th pct)
15713975,Gibson,565,Germany,Female,47,10,139756.12,1,1,0,165849.49,1,Inactive Disengaged,Q4 (Highest),0.8426683735958429,Middle (5th-95th pct)
15796993,McCollum,741,France,Male,52,1,171236.3,2,0,0,21834.4,1,Inactive High-Balance,Q4 (Highest),7.842500824387204,Top 5% (extreme high)
15765857,Genovesi,623,Spain,Male,41,2,142412.13,1,1,0,28778.98,0,Inactive Disengaged,Q4 (Highest),4.948477326159579,Middle (5th-95th pct)
15627971,Coates,504,France,Female,32,8,206663.75,1,0,0,16281.94,0,Inactive Disengaged,Q4 (Highest),12.692821002902603,Top 5% (extreme high)
15726289,Cawood,645,France,Male,25,0,174400.36,1,1,0,42669.37,0,Inactive Disengaged,Q4 (Highest),4.087249471927989,Middle (5th-95th pct)
15698902,McIntyre,547,Germany,Female,42,1,142703.4,1,1,0,86207.49,1,Inactive Disengaged,Q4 (Highest),1.655348044584061,Middle (5th-95th pct)
15610727,Ch'in,605,France,Male,36,7,128829.25,1,1,0,190588.59,0,Inactive Disengaged,Q4 (Highest),0.675954683331253,Middle (5th-95th pct)
15792720,Martinez,676,France,Male,33,6,171490.78,1,0,0,79099.64,0,Inactive Disengaged,Q4 (Highest),2.1680348987681866,Middle (5th-95th pct)
15722701,Bruno,594,Germany,Male,18,1,132694.73,1,1,0,167689.56,0,Inactive Disengaged,Q4 (Highest),0.7913118145220251,Middle (5th-95th pct)
15724336,Yates,513,Germany,Female,49,5,171601.27,1,1,0,126223.84,0,Inactive Disengaged,Q4 (Highest),1.359499679299885,Middle (5th-95th pct)
15689594,Su,731,France,Male,29,5,179539.2,1,0,0,112010.02,0,Inactive Disengaged,Q4 (Highest),1.602885170451715,Middle (5th-95th pct)
15738662,Daluchi,652,Germany,Male,41,9,159434.03,1,1,0,178373.93,0,Inactive Disengaged,Q4 (Highest),0.8938191248014775,Middle (5th-95th pct)
15656937,Johnston,468,Spain,Male,26,1,131643.25,1,1,0,64436.16,0,Inactive Disengaged,Q4 (Highest),2.043002717728679,Middle (5th-95th pct)
15610643,De Luca,435,Germany,Male,44,3,151739.65,1,1,0,167461.5,0,Inactive Disengaged,Q4 (Highest),0.9061166297925194,Middle (5th-95th pct)
15810732,Grant,730,France,Female,36,8,148749.29,2,1,0,91830.75,0,Inactive High-Balance,Q4 (Highest),1.6198200493843293,Middle (5th-95th pct)
15753161,Dickson,768,France,Female,36,5,180169.44,2,1,0,17348.56,0,Inactive High-Balance,Q4 (Highest),10.385267710980045,Top 5% (extreme high)
15762331,Moss,569,France,Male,37,9,178755.84,1,1,0,199929.17,0,Inactive Disengaged,Q4 (Highest),0.8940958440431678,Middle (5th-95th pct)
15727391,Collier,688,Germany,Male,29,9,144553.5,2,1,0,143454.95,0,Inactive High-Balance,Q4 (Highest),1.0076578047672806,Middle (5th-95th pct)
15692977,Ikenna,612,Germany,Female,36,2,130700.92,2,0,0,77592.8,0,Inactive High-Balance,Q4 (Highest),1.6844464950356217,Middle (5th-95th pct)
15753639,Gibson,608,France,Male,37,5,146093.39,2,0,0,160593.41,0,Inactive High-Balance,Q4 (Highest),0.9097097446277529,Middle (5th-95th pct)
15737705,Avdeyeva,775,France,Female,27,4,152309.37,1,1,0,104112.0,0,Inactive Disengaged,Q4 (Highest),1.4629377017058551,Middle (5th-95th pct)
15583026,Welch,535,France,Female,38,0,135919.33,1,1,0,80425.65,0,Inactive Disengaged,Q4 (Highest),1.6899997699738827,Middle (5th-95th pct)
15771668,Henderson,578,France,Male,59,10,185966.64,1,0,0,9445.42,1,Inactive Disengaged,Q4 (Highest),19.688551700189088,Top 5% (extreme high)
15680666,Berry,579,Spain,Female,39,2,151963.26,2,1,0,158948.63,0,Inactive High-Balance,Q4 (Highest),0.9560526567608667,Middle (5th-95th pct)
15750049,Steele,621,France,Male,40,10,163823.37,1,0,0,89519.47,0,Inactive Disengaged,Q4 (Highest),1.8300306067495706,Middle (5th-95th pct)
15650018,Chen,681,France,Female,43,8,154100.3,1,0,0,114659.81,0,Inactive Disengaged,Q4 (Highest),1.3439783303321364,Middle (5th-95th pct)
15770548,Lucchese,453,Germany,Female,28,3,139986.65,1,1,0,136846.75,0,Inactive Disengaged,Q4 (Highest),1.022944644282747,Middle (5th-95th pct)
15665579,Cartwright,597,France,Female,28,0,142705.95,1,1,0,127233.39,0,Inactive Disengaged,Q4 (Highest),1.1216077006200968,Middle (5th-95th pct)
15793723,Ch'iu,607,Germany,Male,32,9,144272.07,2,1,0,176580.63,0,Inactive High-Balance,Q4 (Highest),0.8170322531978734,Middle (5th-95th pct)
15631512,Schneider,597,France,Female,26,8,149989.39,1,1,0,42330.58,0,Inactive Disengaged,Q4 (Highest),3.543286909841538,Middle (5th-95th pct)
15710315,Chukwukadibia,529,Germany,Male,29,4,135759.4,1,0,0,112813.79,1,Inactive Disengaged,Q4 (Highest),1.2033936631328492,Middle (5th-95th pct)
15611767,Mai,624,Germany,Female,52,0,133723.43,1,0,0,4859.59,1,Inactive Disengaged,Q4 (Highest),27.517430482818508,Top 5% (extreme high)
15722004,Hsiung,543,France,Female,31,4,138317.94,1,0,0,61843.73,0,Inactive Disengaged,Q4 (Highest),2.236571759174293,Middle (5th-95th pct)
15586680,Fleming,462,France,Male,27,4,176913.52,1,1,0,80587.27,0,Inactive Disengaged,Q4 (Highest),2.1953035510447245,Middle (5th-95th pct)
15697249,Lettiere,546,Germany,Female,25,3,132837.7,1,1,0,131647.31,0,Inactive Disengaged,Q4 (Highest),1.0090422660364273,Middle (5th-95th pct)
15583138,Persse,739,France,Male,42,2,141642.92,2,1,0,172149.76,0,Inactive High-Balance,Q4 (Highest),0.8227889484132885,Middle (5th-95th pct)
15584580,Fyodorova,443,France,Male,35,6,161111.45,1,0,0,13946.66,0,Inactive Disengaged,Q4 (Highest),11.551973734213068,Top 5% (extreme high)
15571917,Eluemuno,771,Germany,Female,38,5,137657.71,2,1,0,72985.61,0,Inactive High-Balance,Q4 (Highest),1.886093847814658,Middle (5th-95th pct)
15699797,Santana,737,France,Male,30,8,174356.13,1,0,0,31928.5,0,Inactive Disengaged,Q4 (Highest),5.4608306058850244,Middle (5th-95th pct)
15648047,Williamson,742,Germany,Male,27,5,190125.43,2,0,0,21793.59,0,Inactive High-Balance,Q4 (Highest),8.723915151198128,Top 5% (extreme high)
15766826,North,824,France,Male,26,7,146266.0,1,1,0,21903.62,1,Inactive Disengaged,Q4 (Highest),6.677708981437772,Middle (5th-95th pct)
15591628,Davies,701,Germany,Male,41,9,164046.1,1,1,0,49405.93,0,Inactive Disengaged,Q4 (Highest),3.320372675911576,Middle (5th-95th pct)
15741403,Amechi,698,Spain,Female,38,1,171848.38,1,0,0,16957.45,0,Inactive Disengaged,Q4 (Highest),10.1340932746374,Top 5% (extreme high)
15598046,Su,662,France,Female,39,5,139562.05,2,1,0,61636.22,0,Inactive High-Balance,Q4 (Highest),2.264286323853085,Middle (5th-95th pct)
15653110,Chan,694,France,Male,42,8,133767.19,1,1,0,36405.21,0,Inactive Disengaged,Q4 (Highest),3.6743968789082664,Middle (5th-95th pct)
15763093,Nucci,540,Germany,Female,35,7,128369.75,2,1,0,198256.15,0,Inactive High-Balance,Q4 (Highest),0.6474944156839523,Middle (5th-95th pct)
15638882,Cardell,710,Germany,Female,62,9,148214.36,1,1,0,48571.14,1,Inactive Disengaged,Q4 (Highest),3.0514902470891148,Middle (5th-95th pct)
15594450,Tomlinson,695,France,Male,49,9,159458.53,1,1,0,135841.35,0,Inactive Disengaged,Q4 (Highest),1.1738585489617115,Middle (5th-95th pct)
15798749,Davidson,845,Germany,Female,43,3,152063.59,2,1,0,97910.06,0,Inactive High-Balance,Q4 (Highest),1.5530946462498338,Middle (5th-95th pct)
15749093,Tretyakova,801,France,Male,43,4,158713.08,2,0,0,98586.14,0,Inactive High-Balance,Q4 (Highest),1.60989242504068,Middle (5th-95th pct)
15606944,Fleming,645,Germany,Male,43,9,140121.17,1,1,0,11302.7,1,Inactive Disengaged,Q4 (Highest),12.397141390995072,Top 5% (extreme high)
15785024,Warner,629,France,Female,40,9,137409.19,1,1,0,175877.7,1,Inactive Disengaged,Q4 (Highest),0.7812769327777199,Middle (5th-95th pct)
15709447,Reed,584,France,Female,26,0,146286.22,1,1,0,105105.35,0,Inactive Disengaged,Q4 (Highest),1.3918056502356921,Middle (5th-95th pct)
15594576,Zhdanov,524,France,Male,32,1,144875.71,1,0,0,187740.04,0,Inactive Disengaged,Q4 (Highest),0.7716825350628453,Middle (5th-95th pct)
15767818,Graham,640,France,Male,55,10,132436.34,1,1,0,978.66,0,Inactive Disengaged,Q4 (Highest),135.324157521509,Top 5% (extreme high)
15750407,Hunt,768,Germany,Female,43,2,129264.05,2,0,0,19150.14,0,Inactive High-Balance,Q4 (Highest),6.750031592458332,Middle (5th-95th pct)
15795370,Mazure,648,Germany,Male,37,6,131753.41,1,1,0,86894.67,0,Inactive Disengaged,Q4 (Highest),1.5162427108590206,Middle (5th-95th pct)
15589589,Bryan,613,France,Male,34,5,144094.2,1,1,0,44510.26,0,Inactive Disengaged,Q4 (Highest),3.2373255065236646,Middle (5th-95th pct)
15778936,Ingamells,701,France,Male,33,9,147510.34,1,1,0,190611.92,0,Inactive Disengaged,Q4 (Highest),0.7738778351322414,Middle (5th-95th pct)
15757385,Milne,578,Spain,Female,28,8,161592.76,1,1,0,177834.79,0,Inactive Disengaged,Q4 (Highest),0.9086678708929788,Middle (5th-95th pct)
15628274,Ferri,583,Germany,Male,35,8,149995.72,2,1,0,42143.55,0,Inactive High-Balance,Q4 (Highest),3.559161959540665,Middle (5th-95th pct)
15571586,Briggs,524,Spain,Male,29,3,159035.45,1,1,0,2705.31,1,Inactive Disengaged,Q4 (Highest),58.78640525485065,Top 5% (extreme high)
15723604,Collins,639,France,Male,39,6,150555.83,1,1,0,30414.17,0,Inactive Disengaged,Q4 (Highest),4.950187034530286,Middle (5th-95th pct)
15665064,Harvey,523,France,Male,36,8,158351.02,2,1,0,155304.53,0,Inactive High-Balance,Q4 (Highest),1.019616233988796,Middle (5th-95th pct)
15638047,Chia,613,Germany,Female,45,9,142765.24,2,1,0,34749.65,0,Inactive High-Balance,Q4 (Highest),4.108393609719809,Middle (5th-95th pct)
15571529,Kirby,650,Germany,Female,48,7,138232.24,1,1,0,57594.78,0,Inactive Disengaged,Q4 (Highest),2.4000827852801936,Middle (5th-95th pct)
15763460,Yao,680,France,Male,33,10,183768.47,1,1,0,164119.35,0,Inactive Disengaged,Q4 (Highest),1.1197245784851084,Middle (5th-95th pct)
15591724,Liu,560,France,Female,44,5,143244.97,1,1,0,98661.27,0,Inactive Disengaged,Q4 (Highest),1.4518865406861274,Middle (5th-95th pct)
15739847,Sadlier,850,Germany,Male,38,5,146756.68,1,1,0,78268.61,0,Inactive Disengaged,Q4 (Highest),1.875038792690965,Middle (5th-95th pct)
15699415,Lewis,618,France,Female,46,6,150213.71,1,1,0,120668.46,1,Inactive Disengaged,Q4 (Highest),1.2448464992426354,Middle (5th-95th pct)
15632051,Douglas,550,Germany,Female,42,10,128707.31,1,1,0,63092.65,1,Inactive Disengaged,Q4 (Highest),2.0399731188973673,Middle (5th-95th pct)
15728043,Udinese,648,Germany,Female,37,7,138503.51,2,1,0,57215.85,0,Inactive High-Balance,Q4 (Highest),2.420719258736871,Middle (5th-95th pct)
15772604,Chiemezie,578,Spain,Male,36,1,157267.95,2,1,0,141533.19,0,Inactive High-Balance,Q4 (Highest),1.1111736406139083,Middle (5th-95th pct)
15688563,Marchesi,694,Germany,Male,31,4,141989.27,2,1,0,26116.82,0,Inactive High-Balance,Q4 (Highest),5.436698265715351,Middle (5th-95th pct)
15655360,Chikelu,782,Germany,Female,72,5,148666.99,1,1,0,2605.65,1,Inactive Disengaged,Q4 (Highest),57.05562527584287,Top 5% (extreme high)
15744914,Moore,539,Germany,Male,42,1,177728.55,1,1,0,105013.63,0,Inactive Disengaged,Q4 (Highest),1.6924331631998626,Middle (5th-95th pct)
15586522,Hunter,608,Spain,Male,37,2,130461.02,1,1,0,21967.15,0,Inactive Disengaged,Q4 (Highest),5.93891424240286,Middle (5th-95th pct)
15796790,Amaechi,573,France,Female,47,8,154543.98,1,1,0,29586.73,0,Inactive Disengaged,Q4 (Highest),5.223422122012132,Middle (5th-95th pct)
15689322,Bevan,641,Spain,Male,31,3,153316.14,1,1,0,59927.99,0,Inactive Disengaged,Q4 (Highest),2.5583394337103584,Middle (5th-95th pct)
15580493,Chin,469,France,Male,33,1,127818.52,1,1,0,163477.22,0,Inactive Disengaged,Q4 (Highest),0.7818735845887275,Middle (5th-95th pct)
15694628,Walker,686,Germany,Female,39,4,157731.6,2,1,0,162820.6,0,Inactive High-Balance,Q4 (Highest),0.968744741144548,Middle (5th-95th pct)
15644280,Udegbunam,593,France,Male,45,4,138825.19,1,0,0,10828.78,0,Inactive Disengaged,Q4 (Highest),12.82002127663504,Top 5% (extreme high)
15728963,Wei,617,Germany,Female,51,10,167273.71,1,0,0,93439.75,1,Inactive Disengaged,Q4 (Highest),1.7901771997463605,Middle (5th-95th pct)
15704053,T'ang,710,Spain,Male,62,3,131078.42,2,1,0,119348.76,1,Inactive High-Balance,Q4 (Highest),1.0982805351308218,Middle (5th-95th pct)
15724321,Baresi,516,Germany,Female,47,9,128298.74,1,0,0,149614.17,1,Inactive Disengaged,Q4 (Highest),0.8575306737323075,Middle (5th-95th pct)
15621815,Obiajulu,803,France,Female,40,6,165526.71,1,1,0,12328.08,0,Inactive Disengaged,Q4 (Highest),13.426803687192166,Top 5% (extreme high)
15734917,Castiglione,708,Germany,Male,21,8,133974.36,2,1,0,50294.09,0,Inactive High-Balance,Q4 (Highest),2.6638191485321636,Middle (5th-95th pct)
15643903,Yao,619,France,Male,27,1,154483.98,1,1,0,156394.74,0,Inactive Disengaged,Q4 (Highest),0.9877824535531056,Middle (5th-95th pct)
15703707,Atkins,656,France,Male,44,10,143571.52,1,0,0,127444.14,0,Inactive Disengaged,Q4 (Highest),1.1265446963665806,Middle (5th-95th pct)
15744041,Yobanna,780,France,Female,26,3,140356.7,1,1,0,117144.15,0,Inactive Disengaged,Q4 (Highest),1.1981537276936152,Middle (5th-95th pct)
15609187,Cox,455,France,Female,27,5,155879.09,2,0,0,70774.97,0,Inactive High-Balance,Q4 (Highest),2.2024607004425434,Middle (5th-95th pct)
15659364,Thompson,685,Spain,Male,23,5,164902.43,1,0,0,141152.28,0,Inactive Disengaged,Q4 (Highest),1.1682590603566587,Middle (5th-95th pct)
15629793,Banks,652,Spain,Male,28,8,156823.7,2,1,0,198251.52,0,Inactive High-Balance,Q4 (Highest),0.7910340359559414,Middle (5th-95th pct)
15622658,Lai,551,France,Female,26,2,144258.52,1,1,0,49778.79,0,Inactive Disengaged,Q4 (Highest),2.8979916948563833,Middle (5th-95th pct)
15658980,Matthews,711,Germany,Male,26,9,128793.63,1,1,0,19262.05,0,Inactive Disengaged,Q4 (Highest),6.686392673676997,Middle (5th-95th pct)
15807245,McKay,699,Germany,Female,41,1,200117.76,2,1,0,94142.35,0,Inactive High-Balance,Q4 (Highest),2.1256932719440296,Middle (5th-95th pct)
15626012,Obidimkpa,459,France,Male,26,4,149879.66,1,0,0,50016.17,0,Inactive Disengaged,Q4 (Highest),2.996624091768722,Middle (5th-95th pct)
15576615,Giordano,719,Spain,Male,37,10,145382.61,1,1,0,80408.59,0,Inactive Disengaged,Q4 (Highest),1.8080482445967525,Middle (5th-95th pct)
15578374,Gilroy,620,Spain,Male,36,7,169312.72,1,1,0,45414.09,0,Inactive Disengaged,Q4 (Highest),3.728198010793567,Middle (5th-95th pct)
15777054,Thorpe,584,Germany,Male,42,3,137479.13,1,1,0,25669.1,0,Inactive Disengaged,Q4 (Highest),5.355821980513536,Middle (5th-95th pct)
15577695,Zito,678,France,Male,41,2,148088.11,1,1,0,14083.12,0,Inactive Disengaged,Q4 (Highest),10.515291355892726,Top 5% (extreme high)
15670427,Chidi,662,Spain,Male,37,4,155187.3,1,1,0,48930.8,0,Inactive Disengaged,Q4 (Highest),3.1715667841114388,Middle (5th-95th pct)
15721469,Mach,492,Germany,Male,45,9,170295.04,2,0,0,164741.81,0,Inactive High-Balance,Q4 (Highest),1.0337086863377305,Middle (5th-95th pct)
15574480,Ubanwa,652,Spain,Male,31,1,132862.59,1,0,0,158054.49,0,Inactive Disengaged,Q4 (Highest),0.8406125634267018,Middle (5th-95th pct)
15596811,Mitchell,667,France,Male,36,8,139753.35,1,1,0,79871.16,0,Inactive Disengaged,Q4 (Highest),1.7497348229323326,Middle (5th-95th pct)
15798615,Wan,850,France,Female,47,9,137301.87,1,1,0,44351.77,0,Inactive Disengaged,Q4 (Highest),3.0957472497715424,Middle (5th-95th pct)
15733491,McGregor,512,Germany,Female,40,8,153537.57,2,0,0,23101.13,0,Inactive High-Balance,Q4 (Highest),6.646322928791795,Middle (5th-95th pct)
15587133,Thompson,518,France,Male,42,7,151027.05,2,1,0,119377.36,0,Inactive High-Balance,Q4 (Highest),1.2651230518081484,Middle (5th-95th pct)
15721377,Chou,833,France,Female,34,3,144751.81,1,0,0,166472.81,0,Inactive Disengaged,Q4 (Highest),0.8695222360936901,Middle (5th-95th pct)
15747927,Ch'in,758,France,Male,26,4,155739.76,1,1,0,171552.02,0,Inactive Disengaged,Q4 (Highest),0.9078281911224363,Middle (5th-95th pct)
15768163,Griffin,655,Germany,Female,46,7,137145.12,1,1,0,115146.4,1,Inactive Disengaged,Q4 (Highest),1.191050002431687,Middle (5th-95th pct)
15569266,Rahman,644,France,Male,28,7,155060.41,1,1,0,29179.52,0,Inactive Disengaged,Q4 (Highest),5.314015103743996,Middle (5th-95th pct)
15628319,Walker,792,France,Female,28,4,130142.79,1,1,0,38190.78,0,Inactive Disengaged,Q4 (Highest),3.4077018065616884,Middle (5th-95th pct)
